node_id,pop_bracket,pi_promise_hr,drive_time_hr,mean_drive_hr,road_km,attainment_rate,p5_elapsed_hr,p50_elapsed_hr,p95_elapsed_hr,nonpi_otd_est_hr,otd_saving_hr
METRO_BE_brussels,1M+,4.0,2.192,2.192,219.2,0.994,2.8,3.202,3.702,10.192,6.99
METRO_BE_antwerp,1M+,4.0,2.169,2.169,216.9,0.994,2.768,3.167,3.665,10.169,7.002
METRO_BE_liege,250K-1M,2.0,1.233,1.233,123.3,0.097,1.952,2.236,2.585,9.233,6.997
METRO_BE_gent,250K-1M,2.0,2.72,2.72,272.0,0.0,3.245,3.724,4.338,10.72,6.996
METRO_BE_charleroi,250K-1M,2.0,2.23,2.23,223.0,0.0,2.834,3.238,3.723,10.23,6.992
METRO_DE_frankfurt_am_main,250K-1M,2.0,1.832,1.832,183.2,0.0,2.473,2.831,3.218,9.832,7.001
METRO_DE_duesseldorf,250K-1M,2.0,0.411,0.411,41.2,1.0,1.183,1.413,1.645,8.411,6.998
METRO_DE_stuttgart,250K-1M,2.0,3.45,3.45,345.0,0.0,3.931,4.466,5.158,11.45,6.984
METRO_DE_dortmund,250K-1M,2.0,0.888,0.888,88.8,0.694,1.611,1.892,2.183,8.888,6.996
METRO_DE_essen,250K-1M,2.0,0.7,0.7,70.0,0.967,1.445,1.692,1.966,8.7,7.008
METRO_DE_bremen,250K-1M,2.0,3.24,3.24,324.0,0.0,3.73,4.24,4.941,11.24,7.0
METRO_DE_hannover,250K-1M,2.0,2.997,2.997,299.7,0.0,3.506,3.983,4.64,10.997,7.014
METRO_DE_duisburg,250K-1M,2.0,0.684,0.684,68.4,0.981,1.436,1.687,1.947,8.684,6.997
METRO_DE_bochum,250K-1M,2.0,0.765,0.765,76.5,0.931,1.524,1.778,2.019,8.765,6.987
METRO_DE_bochum_hordel,250K-1M,2.0,0.782,0.782,78.2,0.892,1.525,1.79,2.058,8.782,6.992
METRO_DE_mannheim,250K-1M,2.0,2.322,2.322,232.2,0.0,2.917,3.32,3.84,10.322,7.002
METRO_DE_wuppertal,250K-1M,2.0,0.462,0.462,46.2,1.0,1.229,1.457,1.701,8.462,7.005
METRO_DE_bielefeld,250K-1M,2.0,1.971,1.971,197.1,0.0,2.608,2.984,3.457,9.971,6.987
METRO_DE_karlsruhe,250K-1M,2.0,2.854,2.854,285.4,0.0,3.401,3.872,4.483,10.854,6.982
METRO_DE_bonn,250K-1M,2.0,0.292,0.292,29.2,1.0,1.062,1.294,1.522,8.292,6.998
METRO_DE_wiesbaden,250K-1M,2.0,1.582,1.582,158.2,0.001,2.264,2.603,2.981,9.582,6.979
METRO_DE_muenster,250K-1M,2.0,1.484,1.484,148.4,0.005,2.192,2.501,2.864,9.484,6.983
METRO_DE_gelsenkirchen,250K-1M,2.0,0.773,0.773,77.3,0.913,1.501,1.767,2.041,8.773,7.006
METRO_DE_aachen,250K-1M,2.0,0.759,0.759,75.9,0.912,1.512,1.766,2.036,8.759,6.993
METRO_DE_moenchengladbach,250K-1M,2.0,0.543,0.543,54.3,1.0,1.308,1.552,1.811,8.543,6.991
METRO_DE_braunschweig,<250K,1.0,3.456,3.456,345.6,0.0,3.9,4.437,5.124,11.456,7.019
METRO_DE_krefeld,<250K,1.0,0.632,0.632,63.2,0.0,1.396,1.646,1.879,8.632,6.986
METRO_DE_oberhausen,<250K,1.0,0.731,0.731,73.1,0.0,1.465,1.727,2.001,8.731,7.004
METRO_DE_freiburg,<250K,1.0,3.997,3.997,399.7,0.0,4.349,5.004,5.832,11.997,6.993
METRO_DE_erfurt,<250K,1.0,3.432,3.432,343.2,0.0,3.903,4.449,5.133,11.432,6.983
METRO_DE_hagen,<250K,1.0,0.718,0.718,71.8,0.0,1.467,1.73,1.977,8.718,6.988
METRO_DE_kassel,<250K,1.0,2.196,2.196,219.6,0.0,2.804,3.189,3.677,10.196,7.007
METRO_DE_hamm,<250K,1.0,1.233,1.233,123.3,0.0,1.942,2.241,2.552,9.233,6.992
METRO_DE_mainz,<250K,1.0,1.697,1.697,169.7,0.0,2.348,2.706,3.122,9.697,6.991
METRO_DE_saarbruecken,<250K,1.0,2.27,2.27,227.0,0.0,2.88,3.287,3.776,10.27,6.983
METRO_DE_herne,<250K,1.0,0.84,0.84,84.0,0.0,1.576,1.84,2.118,8.84,7.0
METRO_DE_muelheim,<250K,1.0,0.668,0.668,66.8,0.0,1.421,1.678,1.933,8.668,6.99
METRO_DE_osnabrueck,<250K,1.0,2.006,2.006,200.6,0.0,2.63,3.025,3.48,10.006,6.981
METRO_DE_solingen,<250K,1.0,0.34,0.34,34.0,0.0,1.114,1.345,1.58,8.34,6.995
METRO_NL_amsterdam,1M+,4.0,2.57,2.57,257.0,0.9,3.136,3.582,4.121,10.57,6.988
METRO_NL_rotterdam,1M+,4.0,2.443,2.443,244.3,0.955,2.998,3.453,3.977,10.443,6.99
METRO_NL_the_hague,250K-1M,2.0,2.679,2.679,267.9,0.0,3.251,3.693,4.219,10.679,6.986
METRO_NL_utrecht,250K-1M,2.0,2.165,2.165,216.5,0.0,2.787,3.182,3.647,10.165,6.983
METRO_NL_eindhoven,250K-1M,2.0,1.405,1.405,140.5,0.005,2.094,2.424,2.785,9.405,6.981
METRO_NL_tilburg,<250K,1.0,1.761,1.761,176.0,0.0,2.419,2.754,3.159,9.761,7.007
METRO_NL_groningen,<250K,1.0,3.066,3.066,306.6,0.0,3.558,4.067,4.784,11.066,6.999
METRO_NL_almere_stad,<250K,1.0,2.396,2.396,239.6,0.0,3.001,3.415,3.925,10.396,6.981
METRO_NL_breda,<250K,1.0,2.014,2.014,201.4,0.0,2.637,3.021,3.491,10.014,6.993
METRO_FR_lille,1M+,4.0,3.307,3.307,330.7,0.147,3.785,4.349,5.065,11.307,6.958
METRO_FR_strasbourg,250K-1M,2.0,3.209,3.209,320.9,0.0,3.663,4.222,4.841,11.209,6.987
METRO_FR_bethune,250K-1M,2.0,3.684,3.684,368.4,0.0,4.114,4.689,5.476,11.684,6.995
METRO_FR_valenciennes,250K-1M,2.0,2.994,2.994,299.4,0.0,3.517,3.99,4.583,10.994,7.004
METRO_FR_reims,<250K,1.0,3.358,3.358,335.8,0.0,3.839,4.382,5.109,11.358,6.976
METRO_LU_luxembourg,<250K,1.0,1.897,1.897,189.7,0.0,2.558,2.902,3.339,9.897,6.995
METRO_PL_warsaw,1M+,4.0,1.404,1.404,140.4,1.0,2.098,2.413,2.767,9.404,6.991
METRO_PL_krakow,250K-1M,2.0,2.314,2.314,231.4,0.0,2.903,3.328,3.852,10.314,6.986
METRO_PL_wroclaw,250K-1M,2.0,2.218,2.218,221.8,0.0,2.808,3.233,3.701,10.218,6.985
METRO_PL_poznan,250K-1M,2.0,2.252,2.252,225.2,0.0,2.849,3.246,3.764,10.252,7.006
METRO_PL_gdansk,250K-1M,2.0,3.508,3.508,350.8,0.0,3.915,4.517,5.195,11.508,6.991
METRO_PL_bydgoszcz,250K-1M,2.0,2.163,2.163,216.3,0.0,2.77,3.161,3.647,10.163,7.002
METRO_PL_lublin,250K-1M,2.0,2.66,2.66,266.0,0.0,3.211,3.666,4.253,10.66,6.994
METRO_PL_katowice,250K-1M,2.0,2.052,2.052,205.2,0.0,2.641,3.058,3.554,10.052,6.994
METRO_PL_bialystok,250K-1M,2.0,3.508,3.508,350.8,0.0,3.964,4.514,5.204,11.508,6.994
METRO_PL_gdynia,250K-1M,2.0,3.744,3.744,374.4,0.0,4.153,4.737,5.555,11.744,7.007
METRO_PL_czestochowa,<250K,1.0,1.332,1.332,133.2,0.0,2.022,2.33,2.69,9.332,7.002
METRO_PL_sosnowiec,<250K,1.0,2.004,2.004,200.4,0.0,2.643,3.027,3.501,10.004,6.977
METRO_PL_radom,<250K,1.0,1.472,1.472,147.2,0.0,2.155,2.487,2.84,9.472,6.985
METRO_PL_mokotow,<250K,1.0,1.401,1.401,140.1,0.0,2.088,2.393,2.739,9.401,7.008
METRO_PL_torun,<250K,1.0,1.805,1.805,180.6,0.0,2.476,2.824,3.234,9.805,6.981
METRO_PL_kielce,<250K,1.0,1.539,1.539,153.9,0.0,2.217,2.552,2.908,9.539,6.987
METRO_PL_gliwice,<250K,1.0,2.076,2.076,207.6,0.0,2.673,3.082,3.546,10.076,6.994
METRO_PL_zabrze,<250K,1.0,2.014,2.014,201.4,0.0,2.632,3.02,3.489,10.014,6.994
METRO_PL_bytom,<250K,1.0,1.952,1.952,195.2,0.0,2.58,2.947,3.398,9.952,7.005
METRO_PL_praga_poludnie,<250K,1.0,1.467,1.467,146.7,0.0,2.156,2.48,2.839,9.467,6.987
METRO_PL_bielsko_biala,<250K,1.0,2.624,2.624,262.4,0.0,3.185,3.631,4.199,10.624,6.993
METRO_PL_olsztyn,<250K,1.0,2.805,2.805,280.5,0.0,3.343,3.828,4.47,10.805,6.977
METRO_CZ_ostrava,250K-1M,2.0,2.772,2.772,277.2,0.0,3.302,3.788,4.41,10.772,6.984
METRO_ES_valencia,250K-1M,2.0,3.628,3.628,362.8,0.0,4.036,4.674,5.392,11.628,6.954
METRO_ES_zaragoza,250K-1M,2.0,3.289,3.289,328.9,0.0,3.752,4.312,4.975,11.289,6.977
METRO_ES_bilbao,250K-1M,2.0,3.876,3.876,387.6,0.0,4.309,4.9,5.655,11.876,6.976
METRO_ES_cordoba,250K-1M,2.0,3.546,3.546,354.6,0.0,3.955,4.547,5.303,11.546,6.999
METRO_ES_valladolid,250K-1M,2.0,1.946,1.946,194.6,0.0,2.564,2.96,3.386,9.946,6.986
METRO_ES_carabanchel,250K-1M,2.0,0.041,0.041,4.1,1.0,0.807,1.035,1.268,8.041,7.006
METRO_ES_puente_de_vallecas,<250K,1.0,0.051,0.051,5.1,0.414,0.832,1.038,1.274,8.051,7.013
METRO_ES_gasteiz_/_vitoria,<250K,1.0,3.406,3.406,340.6,0.0,3.87,4.412,5.121,11.406,6.994
METRO_ES_ciudad_lineal,<250K,1.0,0.064,0.064,6.4,0.372,0.836,1.059,1.288,8.064,7.005
METRO_ES_fuencarral_el_pardo,<250K,1.0,0.113,0.113,11.3,0.273,0.891,1.123,1.334,8.113,6.99
METRO_ES_mostoles,<250K,1.0,0.208,0.208,20.8,0.088,0.98,1.219,1.433,8.208,6.989
METRO_ES_alcala_de_henares,<250K,1.0,0.359,0.359,35.9,0.0,1.127,1.363,1.598,8.359,6.996
METRO_ES_pamplona,<250K,1.0,3.805,3.805,380.5,0.0,4.219,4.831,5.595,11.805,6.974
METRO_ES_fuenlabrada,<250K,1.0,0.2,0.2,20.0,0.101,0.978,1.203,1.428,8.2,6.997
METRO_ES_leganes,<250K,1.0,0.134,0.134,13.4,0.239,0.912,1.123,1.36,8.134,7.011
METRO_ES_castello_de_la_plana,<250K,1.0,3.767,3.767,376.7,0.0,4.185,4.77,5.581,11.767,6.997
METRO_ES_burgos,<250K,1.0,2.568,2.568,256.8,0.0,3.142,3.568,4.141,10.568,7.0
METRO_ES_albacete,<250K,1.0,2.682,2.682,268.2,0.0,3.215,3.677,4.256,10.682,7.005
METRO_ES_alcorcon,<250K,1.0,0.156,0.156,15.6,0.162,0.938,1.17,1.388,8.156,6.986
METRO_ES_getafe,<250K,1.0,0.151,0.151,15.1,0.192,0.928,1.152,1.379,8.151,6.999
METRO_IT_naples,1M+,4.0,2.24,2.24,224.0,0.991,2.831,3.256,3.742,10.24,6.984
METRO_IT_bologna,250K-1M,2.0,3.654,3.654,365.4,0.0,4.036,4.675,5.484,11.654,6.979
METRO_IT_florence,250K-1M,2.0,2.806,2.806,280.6,0.0,3.375,3.841,4.418,10.806,6.965
METRO_IT_latina,250K-1M,2.0,0.69,0.69,69.0,0.981,1.45,1.698,1.951,8.69,6.992
METRO_IT_caserta,250K-1M,2.0,2.123,2.123,212.3,0.0,2.755,3.147,3.57,10.123,6.976
METRO_IT_salerno,250K-1M,2.0,2.805,2.805,280.5,0.0,3.335,3.826,4.442,10.805,6.979
METRO_IT_pescara,250K-1M,2.0,1.836,1.836,183.6,0.0,2.475,2.839,3.234,9.836,6.997
METRO_IT_modena,250K-1M,2.0,3.987,3.987,398.7,0.0,4.366,4.984,5.701,11.987,7.003
METRO_IT_barletta,250K-1M,2.0,3.84,3.84,384.0,0.0,4.238,4.843,5.653,11.84,6.997
METRO_IT_nola,250K-1M,2.0,2.395,2.395,239.5,0.0,2.991,3.414,3.909,10.395,6.981
METRO_IT_prato,<250K,1.0,2.992,2.992,299.2,0.0,3.531,4.01,4.658,10.992,6.982
METRO_ES_latina,250K-1M,2.0,0.69,0.69,69.0,0.98,1.434,1.689,1.963,8.69,7.001
