node_id,node_type,activation_year,coverage_gain_pct,drive_time_reduction_hr,best_outbound_detour_ratio
METRO_BE_gent,PERI_URBAN_HUB,2027,,,1.0
METRO_DE_hagen,PERI_URBAN_HUB,2027,,,1.0
METRO_DE_frankfurt_am_main,PERI_URBAN_HUB,2027,,,1.0
METRO_DE_luebeck,PERI_URBAN_HUB,2027,,,1.002
METRO_DE_osnabrueck,PERI_URBAN_HUB,2027,,,1.0
METRO_NL_amsterdam,PERI_URBAN_HUB,2027,,,1.0
METRO_DE_duisburg,PERI_URBAN_HUB,2027,,,1.0
METRO_DE_chemnitz,PERI_URBAN_HUB,2027,,,1.001
METRO_DE_augsburg,PERI_URBAN_HUB,2027,,,1.0
METRO_DE_magdeburg,PERI_URBAN_HUB,2027,,,1.015
METRO_DE_nuernberg,PERI_URBAN_HUB,2027,,,1.009
METRO_DE_kiel,PERI_URBAN_HUB,2027,,,1.0
METRO_LU_luxembourg,PERI_URBAN_HUB,2027,,,1.0
METRO_DE_altona,PERI_URBAN_HUB,2027,,,1.0
METRO_DE_bremen,PERI_URBAN_HUB,2027,,,1.0
METRO_DE_freiburg,PERI_URBAN_HUB,2027,,,1.0
METRO_DE_muelheim,PERI_URBAN_HUB,2027,,,1.0
METRO_DE_bochum_hordel,PERI_URBAN_HUB,2027,,,1.0
METRO_BE_liege,PERI_URBAN_HUB,2027,,,1.0
METRO_DE_rostock,PERI_URBAN_HUB,2027,,,1.006
METRO_DE_kassel,PERI_URBAN_HUB,2027,,,1.0
METRO_DE_munich,PERI_URBAN_HUB,2027,,,1.022
METRO_DE_duesseldorf,PERI_URBAN_HUB,2027,,,1.0
METRO_DE_krefeld,PERI_URBAN_HUB,2027,,,1.0
METRO_BE_charleroi,PERI_URBAN_HUB,2027,,,1.0
METRO_BE_antwerp,PERI_URBAN_HUB,2027,,,1.0
METRO_NL_the_hague,PERI_URBAN_HUB,2027,,,1.0
NONMETRO_NL,DEMAND_NONMETRO,2027,,,
METRO_DE_wandsbek,PERI_URBAN_HUB,2027,,,1.0
METRO_DE_neukoelln,PERI_URBAN_HUB,2027,,,1.008
METRO_DE_dortmund,PERI_URBAN_HUB,2027,,,1.0
METRO_DE_muenster,PERI_URBAN_HUB,2027,,,1.0
METRO_DE_oberhausen,PERI_URBAN_HUB,2027,,,1.0
METRO_DE_hamm,PERI_URBAN_HUB,2027,,,1.0
METRO_DE_hamburg_nord,PERI_URBAN_HUB,2027,,,1.0
METRO_DE_gelsenkirchen,PERI_URBAN_HUB,2027,,,1.0
METRO_DE_dresden,PERI_URBAN_HUB,2027,,,1.001
METRO_NL_almere_stad,PERI_URBAN_HUB,2027,,,1.0
METRO_DE_neue_neustadt,PERI_URBAN_HUB,2027,,,1.016
METRO_NL_rotterdam,PERI_URBAN_HUB,2027,,,1.0
NONMETRO_BE,DEMAND_NONMETRO,2027,,,
METRO_DE_stuttgart,PERI_URBAN_HUB,2027,,,1.0
METRO_DE_karlsruhe,PERI_URBAN_HUB,2027,,,1.0
METRO_DE_aachen,PERI_URBAN_HUB,2027,,,1.0
METRO_BE_brussels,PERI_URBAN_HUB,2027,,,1.0
METRO_DE_erfurt,PERI_URBAN_HUB,2027,,,1.0
METRO_DE_hamburg_mitte,PERI_URBAN_HUB,2027,,,1.0
METRO_NL_groningen,PERI_URBAN_HUB,2027,,,1.0
METRO_NL_breda,PERI_URBAN_HUB,2027,,,1.0
METRO_DE_herne,PERI_URBAN_HUB,2027,,,1.0
METRO_DE_wiesbaden,PERI_URBAN_HUB,2027,,,1.0
METRO_DE_bochum,PERI_URBAN_HUB,2027,,,1.0
METRO_DE_moenchengladbach,PERI_URBAN_HUB,2027,,,1.0
METRO_DE_hannover,PERI_URBAN_HUB,2027,,,1.0
METRO_DE_eimsbuettel,PERI_URBAN_HUB,2027,,,1.0
METRO_DE_solingen,PERI_URBAN_HUB,2027,,,1.0
METRO_NL_utrecht,PERI_URBAN_HUB,2027,,,1.0
METRO_DE_bonn,PERI_URBAN_HUB,2027,,,1.0
METRO_DE_hamburg,PERI_URBAN_HUB,2027,,,1.0
METRO_NL_tilburg,PERI_URBAN_HUB,2027,,,1.0
CAND_DE_koeln,DC,2027,,,1.0
METRO_DE_marienthal,PERI_URBAN_HUB,2027,,,1.0
NONMETRO_LU,DEMAND_NONMETRO,2027,,,
METRO_DE_bielefeld,PERI_URBAN_HUB,2027,,,1.0
METRO_DE_harburg,PERI_URBAN_HUB,2027,,,1.0
METRO_DE_leipzig,PERI_URBAN_HUB,2027,,,1.004
METRO_DE_braunschweig,PERI_URBAN_HUB,2027,,,1.0
METRO_DE_wuppertal,PERI_URBAN_HUB,2027,,,1.0
METRO_DE_mainz,PERI_URBAN_HUB,2027,,,1.0
METRO_DE_essen,PERI_URBAN_HUB,2027,,,1.0
PORT_NL_rotterdam,PORT,2027,,,
NONMETRO_DE,DEMAND_NONMETRO,2027,,,
METRO_DE_berlin,PERI_URBAN_HUB,2027,,,1.009
METRO_DE_mannheim,PERI_URBAN_HUB,2027,,,1.0
METRO_NL_eindhoven,PERI_URBAN_HUB,2027,,,1.0
METRO_DE_saarbruecken,PERI_URBAN_HUB,2027,,,1.0
METRO_DE_halle_saale,PERI_URBAN_HUB,2027,,,1.001
METRO_PL_radom,PERI_URBAN_HUB,2028,-0.9,-1.308,1.0
NONMETRO_DK,DEMAND_NONMETRO,2028,-0.9,-1.308,
METRO_PL_wroclaw,PERI_URBAN_HUB,2028,-0.9,-1.308,1.0
RELAY_2028_0,RELAY_HUB,2028,-0.9,-1.308,
RELAY_2028_12,RELAY_HUB,2028,-0.9,-1.308,
METRO_DK_copenhagen,PERI_URBAN_HUB,2028,-0.9,-1.308,1.0
NONMETRO_FI,DEMAND_NONMETRO,2028,-0.9,-1.308,
METRO_FI_tampere,PERI_URBAN_HUB,2028,-0.9,-1.308,1.028
METRO_LT_vilnius,PERI_URBAN_HUB,2028,-0.9,-1.308,1.019
RELAY_2028_2,RELAY_HUB,2028,-0.9,-1.308,
NONMETRO_PL,DEMAND_NONMETRO,2028,-0.9,-1.308,
METRO_PL_olsztyn,PERI_URBAN_HUB,2028,-0.9,-1.308,1.0
RELAY_2028_11,RELAY_HUB,2028,-0.9,-1.308,
RELAY_2028_18,RELAY_HUB,2028,-0.9,-1.308,
METRO_LT_klaipeda,PERI_URBAN_HUB,2028,-0.9,-1.308,1.0
METRO_PL_warsaw,PERI_URBAN_HUB,2028,-0.9,-1.308,1.0
NONMETRO_LT,DEMAND_NONMETRO,2028,-0.9,-1.308,
METRO_NO_oslo,PERI_URBAN_HUB,2028,-0.9,-1.308,1.0
METRO_LV_riga,PERI_URBAN_HUB,2028,-0.9,-1.308,1.048
CAND_PL_lodz,DC,2028,-0.9,-1.308,1.0
METRO_PL_gliwice,PERI_URBAN_HUB,2028,-0.9,-1.308,1.0
METRO_FI_vantaa,PERI_URBAN_HUB,2028,-0.9,-1.308,1.0
METRO_PL_bytom,PERI_URBAN_HUB,2028,-0.9,-1.308,1.0
RELAY_2028_3,RELAY_HUB,2028,-0.9,-1.308,
RELAY_2028_9,RELAY_HUB,2028,-0.9,-1.308,
RELAY_2028_20,RELAY_HUB,2028,-0.9,-1.308,
METRO_PL_mokotow,PERI_URBAN_HUB,2028,-0.9,-1.308,1.0
METRO_FI_espoo,PERI_URBAN_HUB,2028,-0.9,-1.308,1.001
METRO_SE_gothenburg,PERI_URBAN_HUB,2028,-0.9,-1.308,1.002
METRO_SE_malmo,PERI_URBAN_HUB,2028,-0.9,-1.308,1.0
METRO_PL_torun,PERI_URBAN_HUB,2028,-0.9,-1.308,1.0
METRO_PL_krakow,PERI_URBAN_HUB,2028,-0.9,-1.308,1.0
METRO_PL_gdansk,PERI_URBAN_HUB,2028,-0.9,-1.308,1.0
RELAY_2028_15,RELAY_HUB,2028,-0.9,-1.308,
RELAY_2028_10,RELAY_HUB,2028,-0.9,-1.308,
METRO_EE_tallinn,PERI_URBAN_HUB,2028,-0.9,-1.308,1.0
METRO_PL_sosnowiec,PERI_URBAN_HUB,2028,-0.9,-1.308,1.0
RELAY_2028_19,RELAY_HUB,2028,-0.9,-1.308,
NONMETRO_EE,DEMAND_NONMETRO,2028,-0.9,-1.308,
RELAY_2028_8,RELAY_HUB,2028,-0.9,-1.308,
RELAY_2028_13,RELAY_HUB,2028,-0.9,-1.308,
RELAY_2028_16,RELAY_HUB,2028,-0.9,-1.308,
RELAY_2028_22,RELAY_HUB,2028,-0.9,-1.308,
RELAY_2028_5,RELAY_HUB,2028,-0.9,-1.308,
METRO_PL_czestochowa,PERI_URBAN_HUB,2028,-0.9,-1.308,1.0
RELAY_2028_1,RELAY_HUB,2028,-0.9,-1.308,
METRO_PL_bielsko_biala,PERI_URBAN_HUB,2028,-0.9,-1.308,1.0
METRO_PL_zabrze,PERI_URBAN_HUB,2028,-0.9,-1.308,1.0
RELAY_2028_14,RELAY_HUB,2028,-0.9,-1.308,
METRO_PL_katowice,PERI_URBAN_HUB,2028,-0.9,-1.308,1.0
RELAY_2028_4,RELAY_HUB,2028,-0.9,-1.308,
METRO_FI_turku,PERI_URBAN_HUB,2028,-0.9,-1.308,1.039
METRO_LT_kaunas,PERI_URBAN_HUB,2028,-0.9,-1.308,1.024
METRO_PL_bydgoszcz,PERI_URBAN_HUB,2028,-0.9,-1.308,1.0
METRO_PL_gdynia,PERI_URBAN_HUB,2028,-0.9,-1.308,1.0
RELAY_2028_6,RELAY_HUB,2028,-0.9,-1.308,
METRO_FI_helsinki,PERI_URBAN_HUB,2028,-0.9,-1.308,1.0
RELAY_2028_17,RELAY_HUB,2028,-0.9,-1.308,
NONMETRO_LV,DEMAND_NONMETRO,2028,-0.9,-1.308,
METRO_NO_bergen,PERI_URBAN_HUB,2028,-0.9,-1.308,
RELAY_2028_21,RELAY_HUB,2028,-0.9,-1.308,
METRO_PL_praga_poludnie,PERI_URBAN_HUB,2028,-0.9,-1.308,1.0
METRO_PL_poznan,PERI_URBAN_HUB,2028,-0.9,-1.308,1.0
METRO_PL_bialystok,PERI_URBAN_HUB,2028,-0.9,-1.308,1.0
METRO_DK_arhus,PERI_URBAN_HUB,2028,-0.9,-1.308,1.0
METRO_PL_kielce,PERI_URBAN_HUB,2028,-0.9,-1.308,1.0
RELAY_2028_7,RELAY_HUB,2028,-0.9,-1.308,
METRO_SE_stockholm,PERI_URBAN_HUB,2028,-0.9,-1.308,1.017
METRO_PL_lublin,PERI_URBAN_HUB,2028,-0.9,-1.308,1.0
NONMETRO_SE,DEMAND_NONMETRO,2028,-0.9,-1.308,
NONMETRO_NO,DEMAND_NONMETRO,2028,-0.9,-1.308,
METRO_PL_szczecin,PERI_URBAN_HUB,2028,-0.9,-1.308,1.0
METRO_ES_gasteiz_/_vitoria,PERI_URBAN_HUB,2029,-1.69,-2.764,1.0
NONMETRO_IT,DEMAND_NONMETRO,2029,-1.69,-2.764,
NONMETRO_PT,DEMAND_NONMETRO,2029,-1.69,-2.764,
RELAY_2029_82,RELAY_HUB,2029,-1.69,-2.764,
RELAY_2029_4,RELAY_HUB,2029,-1.69,-2.764,
METRO_IT_bologna,PERI_URBAN_HUB,2029,-1.69,-2.764,1.0
METRO_FR_reims,PERI_URBAN_HUB,2029,-1.69,-2.764,1.0
RELAY_2029_25,RELAY_HUB,2029,-1.69,-2.764,
METRO_ES_santa_cruz_de_tenerife,PERI_URBAN_HUB,2029,-1.69,-2.764,
METRO_ES_santander,PERI_URBAN_HUB,2029,-1.69,-2.764,1.001
RELAY_2029_1,RELAY_HUB,2029,-1.69,-2.764,
RELAY_2029_8,RELAY_HUB,2029,-1.69,-2.764,
METRO_IT_genoa,PERI_URBAN_HUB,2029,-1.69,-2.764,1.0
METRO_IT_busto_arsizio,PERI_URBAN_HUB,2029,-1.69,-2.764,1.0
RELAY_2029_30,RELAY_HUB,2029,-1.69,-2.764,
RELAY_2029_51,RELAY_HUB,2029,-1.69,-2.764,
METRO_IT_cagliari,PERI_URBAN_HUB,2029,-1.69,-2.764,1.006
METRO_CH_basel,PERI_URBAN_HUB,2029,-1.69,-2.764,1.0
METRO_ES_latina,PERI_URBAN_HUB,2029,-1.69,-2.764,1.005
RELAY_2029_55,RELAY_HUB,2029,-1.69,-2.764,
METRO_IT_messina,PERI_URBAN_HUB,2029,-1.69,-2.764,1.031
METRO_IT_reggio_calabria,PERI_URBAN_HUB,2029,-1.69,-2.764,1.03
METRO_FR_valenciennes,PERI_URBAN_HUB,2029,-1.69,-2.764,1.0
METRO_ES_bilbao,PERI_URBAN_HUB,2029,-1.69,-2.764,1.0
METRO_ES_castello_de_la_plana,PERI_URBAN_HUB,2029,-1.69,-2.764,1.0
METRO_IE_dublin,PERI_URBAN_HUB,2029,-1.69,-2.764,
RELAY_2029_6,RELAY_HUB,2029,-1.69,-2.764,
METRO_FR_lille,PERI_URBAN_HUB,2029,-1.69,-2.764,1.0
METRO_FR_angers,PERI_URBAN_HUB,2029,-1.69,-2.764,1.0
RELAY_2029_15,RELAY_HUB,2029,-1.69,-2.764,
METRO_PT_porto,PERI_URBAN_HUB,2029,-1.69,-2.764,1.071
METRO_ES_eixample,PERI_URBAN_HUB,2029,-1.69,-2.764,1.0
METRO_AT_linz,PERI_URBAN_HUB,2029,-1.69,-2.764,1.0
METRO_ES_cartagena,PERI_URBAN_HUB,2029,-1.69,-2.764,1.012
METRO_ES_carabanchel,PERI_URBAN_HUB,2029,-1.69,-2.764,1.0
METRO_ES_getafe,PERI_URBAN_HUB,2029,-1.69,-2.764,1.0
RELAY_2029_97,RELAY_HUB,2029,-1.69,-2.764,
RELAY_2029_64,RELAY_HUB,2029,-1.69,-2.764,
RELAY_2029_39,RELAY_HUB,2029,-1.69,-2.764,
METRO_ES_alcorcon,PERI_URBAN_HUB,2029,-1.69,-2.764,1.0
RELAY_2029_68,RELAY_HUB,2029,-1.69,-2.764,
RELAY_2029_86,RELAY_HUB,2029,-1.69,-2.764,
METRO_IT_caserta,PERI_URBAN_HUB,2029,-1.69,-2.764,1.037
RELAY_2029_31,RELAY_HUB,2029,-1.69,-2.764,
RELAY_2029_45,RELAY_HUB,2029,-1.69,-2.764,
METRO_ES_oviedo,PERI_URBAN_HUB,2029,-1.69,-2.764,1.002
RELAY_2029_69,RELAY_HUB,2029,-1.69,-2.764,
RELAY_2029_23,RELAY_HUB,2029,-1.69,-2.764,
RELAY_2029_66,RELAY_HUB,2029,-1.69,-2.764,
RELAY_2029_71,RELAY_HUB,2029,-1.69,-2.764,
METRO_ES_ciudad_lineal,PERI_URBAN_HUB,2029,-1.69,-2.764,1.0
METRO_ES_granada,PERI_URBAN_HUB,2029,-1.69,-2.764,1.044
METRO_ES_sevilla,PERI_URBAN_HUB,2029,-1.69,-2.764,1.0
METRO_CH_lausanne,PERI_URBAN_HUB,2029,-1.69,-2.764,1.0
RELAY_2029_19,RELAY_HUB,2029,-1.69,-2.764,
RELAY_2029_72,RELAY_HUB,2029,-1.69,-2.764,
RELAY_2029_77,RELAY_HUB,2029,-1.69,-2.764,
RELAY_2029_91,RELAY_HUB,2029,-1.69,-2.764,
METRO_CH_zurich,PERI_URBAN_HUB,2029,-1.69,-2.764,1.0
RELAY_2029_56,RELAY_HUB,2029,-1.69,-2.764,
METRO_FR_rennes,PERI_URBAN_HUB,2029,-1.69,-2.764,1.057
CAND_ES_madrid,DC,2029,-1.69,-2.764,1.0
METRO_IT_salerno,PERI_URBAN_HUB,2029,-1.69,-2.764,1.033
METRO_ES_lhospitalet_de_llobregat,PERI_URBAN_HUB,2029,-1.69,-2.764,1.0
METRO_PT_amadora,PERI_URBAN_HUB,2029,-1.69,-2.764,1.081
RELAY_2029_53,RELAY_HUB,2029,-1.69,-2.764,
METRO_IT_latina,PERI_URBAN_HUB,2029,-1.69,-2.764,1.005
METRO_ES_jerez_de_la_frontera,PERI_URBAN_HUB,2029,-1.69,-2.764,1.006
RELAY_2029_50,RELAY_HUB,2029,-1.69,-2.764,
METRO_IE_cork,PERI_URBAN_HUB,2029,-1.69,-2.764,
RELAY_2029_54,RELAY_HUB,2029,-1.69,-2.764,
METRO_ES_mostoles,PERI_URBAN_HUB,2029,-1.69,-2.764,1.0
NONMETRO_ES,DEMAND_NONMETRO,2029,-1.69,-2.764,
METRO_AT_favoriten,PERI_URBAN_HUB,2029,-1.69,-2.764,1.008
RELAY_2029_7,RELAY_HUB,2029,-1.69,-2.764,
METRO_CH_bern,PERI_URBAN_HUB,2029,-1.69,-2.764,1.0
RELAY_2029_16,RELAY_HUB,2029,-1.69,-2.764,
RELAY_2029_58,RELAY_HUB,2029,-1.69,-2.764,
METRO_FR_nantes,PERI_URBAN_HUB,2029,-1.69,-2.764,1.005
METRO_IT_bergamo,PERI_URBAN_HUB,2029,-1.69,-2.764,1.001
RELAY_2029_79,RELAY_HUB,2029,-1.69,-2.764,
METRO_ES_alcala_de_henares,PERI_URBAN_HUB,2029,-1.69,-2.764,1.0
METRO_FR_rouen,PERI_URBAN_HUB,2029,-1.69,-2.764,1.002
RELAY_2029_95,RELAY_HUB,2029,-1.69,-2.764,
METRO_IT_nola,PERI_URBAN_HUB,2029,-1.69,-2.764,1.036
METRO_ES_terrassa,PERI_URBAN_HUB,2029,-1.69,-2.764,1.002
RELAY_2029_20,RELAY_HUB,2029,-1.69,-2.764,
METRO_ES_almeria,PERI_URBAN_HUB,2029,-1.69,-2.764,1.094
RELAY_2029_5,RELAY_HUB,2029,-1.69,-2.764,
RELAY_2029_70,RELAY_HUB,2029,-1.69,-2.764,
RELAY_2029_63,RELAY_HUB,2029,-1.69,-2.764,
RELAY_2029_52,RELAY_HUB,2029,-1.69,-2.764,
RELAY_2029_2,RELAY_HUB,2029,-1.69,-2.764,
METRO_FR_nice,PERI_URBAN_HUB,2029,-1.69,-2.764,1.0
RELAY_2029_75,RELAY_HUB,2029,-1.69,-2.764,
METRO_AT_graz,PERI_URBAN_HUB,2029,-1.69,-2.764,1.0
RELAY_2029_38,RELAY_HUB,2029,-1.69,-2.764,
RELAY_2029_98,RELAY_HUB,2029,-1.69,-2.764,
METRO_FR_cergy_pontoise,PERI_URBAN_HUB,2029,-1.69,-2.764,1.0
METRO_ES_barcelona,PERI_URBAN_HUB,2029,-1.69,-2.764,1.0
METRO_FR_bethune,PERI_URBAN_HUB,2029,-1.69,-2.764,1.0
METRO_ES_valladolid,PERI_URBAN_HUB,2029,-1.69,-2.764,1.0
RELAY_2029_101,RELAY_HUB,2029,-1.69,-2.764,
METRO_IT_florence,PERI_URBAN_HUB,2029,-1.69,-2.764,1.004
METRO_ES_alicante,PERI_URBAN_HUB,2029,-1.69,-2.764,1.008
METRO_ES_vigo,PERI_URBAN_HUB,2029,-1.69,-2.764,1.049
METRO_ES_fuencarral_el_pardo,PERI_URBAN_HUB,2029,-1.69,-2.764,1.0
RELAY_2029_46,RELAY_HUB,2029,-1.69,-2.764,
METRO_IT_modena,PERI_URBAN_HUB,2029,-1.69,-2.764,1.001
METRO_IT_brescia,PERI_URBAN_HUB,2029,-1.69,-2.764,1.002
RELAY_2029_65,RELAY_HUB,2029,-1.69,-2.764,
METRO_IT_naples,PERI_URBAN_HUB,2029,-1.69,-2.764,1.025
METRO_ES_gijon,PERI_URBAN_HUB,2029,-1.69,-2.764,1.006
METRO_ES_leganes,PERI_URBAN_HUB,2029,-1.69,-2.764,1.0
METRO_FR_montpellier,PERI_URBAN_HUB,2029,-1.69,-2.764,1.0
RELAY_2029_3,RELAY_HUB,2029,-1.69,-2.764,
RELAY_2029_37,RELAY_HUB,2029,-1.69,-2.764,
METRO_FR_toulouse,PERI_URBAN_HUB,2029,-1.69,-2.764,1.0
METRO_ES_cordoba,PERI_URBAN_HUB,2029,-1.69,-2.764,1.0
RELAY_2029_32,RELAY_HUB,2029,-1.69,-2.764,
RELAY_2029_0,RELAY_HUB,2029,-1.69,-2.764,
METRO_ES_las_palmas_de_gran_canaria,PERI_URBAN_HUB,2029,-1.69,-2.764,
METRO_IT_taranto,PERI_URBAN_HUB,2029,-1.69,-2.764,1.051
RELAY_2029_102,RELAY_HUB,2029,-1.69,-2.764,
RELAY_2029_10,RELAY_HUB,2029,-1.69,-2.764,
METRO_FR_bordeaux,PERI_URBAN_HUB,2029,-1.69,-2.764,1.0
RELAY_2029_11,RELAY_HUB,2029,-1.69,-2.764,
RELAY_2029_29,RELAY_HUB,2029,-1.69,-2.764,
METRO_ES_fuenlabrada,PERI_URBAN_HUB,2029,-1.69,-2.764,1.0
METRO_ES_sants_montjuic,PERI_URBAN_HUB,2029,-1.69,-2.764,1.0
RELAY_2029_61,RELAY_HUB,2029,-1.69,-2.764,
METRO_IT_bari,PERI_URBAN_HUB,2029,-1.69,-2.764,1.059
METRO_IT_turin,PERI_URBAN_HUB,2029,-1.69,-2.764,1.0
METRO_FR_le_havre,PERI_URBAN_HUB,2029,-1.69,-2.764,1.0
RELAY_2029_33,RELAY_HUB,2029,-1.69,-2.764,
RELAY_2029_35,RELAY_HUB,2029,-1.69,-2.764,
METRO_CH_geneva,PERI_URBAN_HUB,2029,-1.69,-2.764,1.0
RELAY_2029_12,RELAY_HUB,2029,-1.69,-2.764,
RELAY_2029_84,RELAY_HUB,2029,-1.69,-2.764,
METRO_ES_horta_guinardo,PERI_URBAN_HUB,2029,-1.69,-2.764,1.0
RELAY_2029_96,RELAY_HUB,2029,-1.69,-2.764,
METRO_IT_como,PERI_URBAN_HUB,2029,-1.69,-2.764,1.0
METRO_PT_lisbon,PERI_URBAN_HUB,2029,-1.69,-2.764,1.083
METRO_ES_sabadell,PERI_URBAN_HUB,2029,-1.69,-2.764,1.001
METRO_IT_barletta,PERI_URBAN_HUB,2029,-1.69,-2.764,1.055
RELAY_2029_100,RELAY_HUB,2029,-1.69,-2.764,
RELAY_2029_41,RELAY_HUB,2029,-1.69,-2.764,
RELAY_2029_93,RELAY_HUB,2029,-1.69,-2.764,
RELAY_2029_49,RELAY_HUB,2029,-1.69,-2.764,
RELAY_2029_44,RELAY_HUB,2029,-1.69,-2.764,
RELAY_2029_24,RELAY_HUB,2029,-1.69,-2.764,
METRO_FR_avignon,PERI_URBAN_HUB,2029,-1.69,-2.764,1.0
METRO_IE_dun_laoghaire,PERI_URBAN_HUB,2029,-1.69,-2.764,
RELAY_2029_81,RELAY_HUB,2029,-1.69,-2.764,
NONMETRO_AT,DEMAND_NONMETRO,2029,-1.69,-2.764,
RELAY_2029_67,RELAY_HUB,2029,-1.69,-2.764,
RELAY_2029_89,RELAY_HUB,2029,-1.69,-2.764,
RELAY_2029_94,RELAY_HUB,2029,-1.69,-2.764,
RELAY_2029_60,RELAY_HUB,2029,-1.69,-2.764,
METRO_ES_nou_barris,PERI_URBAN_HUB,2029,-1.69,-2.764,1.0
RELAY_2029_26,RELAY_HUB,2029,-1.69,-2.764,
METRO_ES_elche,PERI_URBAN_HUB,2029,-1.69,-2.764,1.002
METRO_AT_donaustadt,PERI_URBAN_HUB,2029,-1.69,-2.764,1.006
RELAY_2029_90,RELAY_HUB,2029,-1.69,-2.764,
RELAY_2029_36,RELAY_HUB,2029,-1.69,-2.764,
METRO_FR_lyon,PERI_URBAN_HUB,2029,-1.69,-2.764,1.0
RELAY_2029_74,RELAY_HUB,2029,-1.69,-2.764,
RELAY_2029_21,RELAY_HUB,2029,-1.69,-2.764,
METRO_FR_tours,PERI_URBAN_HUB,2029,-1.69,-2.764,1.0
RELAY_2029_85,RELAY_HUB,2029,-1.69,-2.764,
METRO_FR_paris,PERI_URBAN_HUB,2029,-1.69,-2.764,1.0
METRO_FR_marseille,PERI_URBAN_HUB,2029,-1.69,-2.764,1.0
RELAY_2029_88,RELAY_HUB,2029,-1.69,-2.764,
METRO_ES_zaragoza,PERI_URBAN_HUB,2029,-1.69,-2.764,1.0
METRO_ES_sant_marti,PERI_URBAN_HUB,2029,-1.69,-2.764,1.0
RELAY_2029_73,RELAY_HUB,2029,-1.69,-2.764,
METRO_IT_prato,PERI_URBAN_HUB,2029,-1.69,-2.764,1.003
RELAY_2029_48,RELAY_HUB,2029,-1.69,-2.764,
METRO_IT_pescara,PERI_URBAN_HUB,2029,-1.69,-2.764,1.047
RELAY_2029_13,RELAY_HUB,2029,-1.69,-2.764,
METRO_IT_catania,PERI_URBAN_HUB,2029,-1.69,-2.764,1.049
RELAY_2029_99,RELAY_HUB,2029,-1.69,-2.764,
RELAY_2029_78,RELAY_HUB,2029,-1.69,-2.764,
METRO_ES_san_sebastian,PERI_URBAN_HUB,2029,-1.69,-2.764,1.0
RELAY_2029_47,RELAY_HUB,2029,-1.69,-2.764,
METRO_IT_milan,PERI_URBAN_HUB,2029,-1.69,-2.764,1.0
RELAY_2029_87,RELAY_HUB,2029,-1.69,-2.764,
METRO_IT_treviso,PERI_URBAN_HUB,2029,-1.69,-2.764,1.0
RELAY_2029_57,RELAY_HUB,2029,-1.69,-2.764,
RELAY_2029_42,RELAY_HUB,2029,-1.69,-2.764,
RELAY_2029_59,RELAY_HUB,2029,-1.69,-2.764,
METRO_IT_vicenza,PERI_URBAN_HUB,2029,-1.69,-2.764,1.001
NONMETRO_CH,DEMAND_NONMETRO,2029,-1.69,-2.764,
METRO_ES_malaga,PERI_URBAN_HUB,2029,-1.69,-2.764,1.021
METRO_ES_puente_de_vallecas,PERI_URBAN_HUB,2029,-1.69,-2.764,1.0
RELAY_2029_17,RELAY_HUB,2029,-1.69,-2.764,
NONMETRO_IE,DEMAND_NONMETRO,2029,-1.69,-2.764,
RELAY_2029_9,RELAY_HUB,2029,-1.69,-2.764,
METRO_FR_grenoble,PERI_URBAN_HUB,2029,-1.69,-2.764,1.0
RELAY_2029_22,RELAY_HUB,2029,-1.69,-2.764,
NONMETRO_FR,DEMAND_NONMETRO,2029,-1.69,-2.764,
RELAY_2029_40,RELAY_HUB,2029,-1.69,-2.764,
RELAY_2029_76,RELAY_HUB,2029,-1.69,-2.764,
METRO_AT_vienna,PERI_URBAN_HUB,2029,-1.69,-2.764,1.008
METRO_IT_seregno,PERI_URBAN_HUB,2029,-1.69,-2.764,1.0
RELAY_2029_14,RELAY_HUB,2029,-1.69,-2.764,
RELAY_2029_28,RELAY_HUB,2029,-1.69,-2.764,
METRO_ES_badalona,PERI_URBAN_HUB,2029,-1.69,-2.764,1.0
METRO_ES_burgos,PERI_URBAN_HUB,2029,-1.69,-2.764,1.0
RELAY_2029_18,RELAY_HUB,2029,-1.69,-2.764,
RELAY_2029_62,RELAY_HUB,2029,-1.69,-2.764,
METRO_ES_pamplona,PERI_URBAN_HUB,2029,-1.69,-2.764,1.0
RELAY_2029_34,RELAY_HUB,2029,-1.69,-2.764,
RELAY_2029_80,RELAY_HUB,2029,-1.69,-2.764,
METRO_IT_parma,PERI_URBAN_HUB,2029,-1.69,-2.764,1.0
RELAY_2029_27,RELAY_HUB,2029,-1.69,-2.764,
METRO_ES_a_coruna,PERI_URBAN_HUB,2029,-1.69,-2.764,1.067
RELAY_2029_83,RELAY_HUB,2029,-1.69,-2.764,
METRO_FR_toulon,PERI_URBAN_HUB,2029,-1.69,-2.764,1.0
METRO_ES_palma,PERI_URBAN_HUB,2029,-1.69,-2.764,1.0
METRO_IT_lecco,PERI_URBAN_HUB,2029,-1.69,-2.764,1.0
METRO_ES_valencia,PERI_URBAN_HUB,2029,-1.69,-2.764,1.0
METRO_ES_albacete,PERI_URBAN_HUB,2029,-1.69,-2.764,1.0
RELAY_2029_43,RELAY_HUB,2029,-1.69,-2.764,
RELAY_2029_92,RELAY_HUB,2029,-1.69,-2.764,
METRO_FR_strasbourg,PERI_URBAN_HUB,2029,-1.69,-2.764,1.0
METRO_FR_saint_etienne,PERI_URBAN_HUB,2029,-1.69,-2.764,1.0
METRO_IT_palermo,PERI_URBAN_HUB,2029,-1.69,-2.764,1.2
METRO_IT_trieste,PERI_URBAN_HUB,2029,-1.69,-2.764,1.0
METRO_IT_padova,PERI_URBAN_HUB,2029,-1.69,-2.764,1.0
METRO_ES_murcia,PERI_URBAN_HUB,2029,-1.69,-2.764,1.008
METRO_IT_verona,PERI_URBAN_HUB,2029,-1.69,-2.764,1.001
RELAY_2030_121,RELAY_HUB,2030,-0.01,0.477,
METRO_GR_piraeus,PERI_URBAN_HUB,2030,-0.01,0.477,1.002
RELAY_2030_32,RELAY_HUB,2030,-0.01,0.477,
RELAY_2030_164,RELAY_HUB,2030,-0.01,0.477,
RELAY_2030_52,RELAY_HUB,2030,-0.01,0.477,
RELAY_2030_11,RELAY_HUB,2030,-0.01,0.477,
METRO_RO_galati,PERI_URBAN_HUB,2030,-0.01,0.477,1.012
RELAY_2030_93,RELAY_HUB,2030,-0.01,0.477,
RELAY_2030_63,RELAY_HUB,2030,-0.01,0.477,
RELAY_2030_59,RELAY_HUB,2030,-0.01,0.477,
RELAY_2030_34,RELAY_HUB,2030,-0.01,0.477,
RELAY_2030_4,RELAY_HUB,2030,-0.01,0.477,
RELAY_2030_70,RELAY_HUB,2030,-0.01,0.477,
RELAY_2030_37,RELAY_HUB,2030,-0.01,0.477,
RELAY_2030_22,RELAY_HUB,2030,-0.01,0.477,
RELAY_2030_144,RELAY_HUB,2030,-0.01,0.477,
METRO_RO_oradea,PERI_URBAN_HUB,2030,-0.01,0.477,1.0
RELAY_2030_126,RELAY_HUB,2030,-0.01,0.477,
METRO_CZ_ostrava,PERI_URBAN_HUB,2030,-0.01,0.477,1.0
RELAY_2030_99,RELAY_HUB,2030,-0.01,0.477,
RELAY_2030_122,RELAY_HUB,2030,-0.01,0.477,
RELAY_2030_9,RELAY_HUB,2030,-0.01,0.477,
RELAY_2030_39,RELAY_HUB,2030,-0.01,0.477,
RELAY_2030_35,RELAY_HUB,2030,-0.01,0.477,
RELAY_2030_154,RELAY_HUB,2030,-0.01,0.477,
RELAY_2030_16,RELAY_HUB,2030,-0.01,0.477,
RELAY_2030_89,RELAY_HUB,2030,-0.01,0.477,
RELAY_2030_68,RELAY_HUB,2030,-0.01,0.477,
RELAY_2030_48,RELAY_HUB,2030,-0.01,0.477,
NONMETRO_HU,DEMAND_NONMETRO,2030,-0.01,0.477,
RELAY_2030_142,RELAY_HUB,2030,-0.01,0.477,
RELAY_2030_20,RELAY_HUB,2030,-0.01,0.477,
RELAY_2030_158,RELAY_HUB,2030,-0.01,0.477,
RELAY_2030_66,RELAY_HUB,2030,-0.01,0.477,
RELAY_2030_149,RELAY_HUB,2030,-0.01,0.477,
RELAY_2030_114,RELAY_HUB,2030,-0.01,0.477,
METRO_HR_split,PERI_URBAN_HUB,2030,-0.01,0.477,1.0
METRO_RO_ploiesti,PERI_URBAN_HUB,2030,-0.01,0.477,1.001
RELAY_2030_128,RELAY_HUB,2030,-0.01,0.477,
METRO_SK_bratislava,PERI_URBAN_HUB,2030,-0.01,0.477,1.0
METRO_GR_athens,PERI_URBAN_HUB,2030,-0.01,0.477,1.001
RELAY_2030_113,RELAY_HUB,2030,-0.01,0.477,
RELAY_2030_53,RELAY_HUB,2030,-0.01,0.477,
RELAY_2030_40,RELAY_HUB,2030,-0.01,0.477,
RELAY_2030_163,RELAY_HUB,2030,-0.01,0.477,
RELAY_2030_1,RELAY_HUB,2030,-0.01,0.477,
METRO_BG_burgas,PERI_URBAN_HUB,2030,-0.01,0.477,1.002
RELAY_2030_148,RELAY_HUB,2030,-0.01,0.477,
RELAY_2030_42,RELAY_HUB,2030,-0.01,0.477,
RELAY_2030_2,RELAY_HUB,2030,-0.01,0.477,
RELAY_2030_156,RELAY_HUB,2030,-0.01,0.477,
RELAY_2030_131,RELAY_HUB,2030,-0.01,0.477,
METRO_SI_ljubljana,PERI_URBAN_HUB,2030,-0.01,0.477,1.001
RELAY_2030_10,RELAY_HUB,2030,-0.01,0.477,
RELAY_2030_162,RELAY_HUB,2030,-0.01,0.477,
RELAY_2030_116,RELAY_HUB,2030,-0.01,0.477,
RELAY_2030_60,RELAY_HUB,2030,-0.01,0.477,
RELAY_2030_117,RELAY_HUB,2030,-0.01,0.477,
RELAY_2030_25,RELAY_HUB,2030,-0.01,0.477,
RELAY_2030_127,RELAY_HUB,2030,-0.01,0.477,
RELAY_2030_19,RELAY_HUB,2030,-0.01,0.477,
RELAY_2030_140,RELAY_HUB,2030,-0.01,0.477,
RELAY_2030_133,RELAY_HUB,2030,-0.01,0.477,
RELAY_2030_147,RELAY_HUB,2030,-0.01,0.477,
RELAY_2030_109,RELAY_HUB,2030,-0.01,0.477,
NONMETRO_HR,DEMAND_NONMETRO,2030,-0.01,0.477,
RELAY_2030_76,RELAY_HUB,2030,-0.01,0.477,
RELAY_2030_61,RELAY_HUB,2030,-0.01,0.477,
RELAY_2030_47,RELAY_HUB,2030,-0.01,0.477,
RELAY_2030_14,RELAY_HUB,2030,-0.01,0.477,
METRO_RO_braila,PERI_URBAN_HUB,2030,-0.01,0.477,1.007
RELAY_2030_0,RELAY_HUB,2030,-0.01,0.477,
RELAY_2030_72,RELAY_HUB,2030,-0.01,0.477,
METRO_GR_thessaloniki,PERI_URBAN_HUB,2030,-0.01,0.477,1.028
RELAY_2030_103,RELAY_HUB,2030,-0.01,0.477,
RELAY_2030_83,RELAY_HUB,2030,-0.01,0.477,
RELAY_2030_80,RELAY_HUB,2030,-0.01,0.477,
METRO_RO_arad,PERI_URBAN_HUB,2030,-0.01,0.477,1.0
METRO_MT_valletta,PERI_URBAN_HUB,2030,-0.01,0.477,1.019
RELAY_2030_38,RELAY_HUB,2030,-0.01,0.477,
RELAY_2030_78,RELAY_HUB,2030,-0.01,0.477,
RELAY_2030_36,RELAY_HUB,2030,-0.01,0.477,
RELAY_2030_8,RELAY_HUB,2030,-0.01,0.477,
RELAY_2030_44,RELAY_HUB,2030,-0.01,0.477,
NONMETRO_SK,DEMAND_NONMETRO,2030,-0.01,0.477,
METRO_RO_iasi,PERI_URBAN_HUB,2030,-0.01,0.477,1.034
RELAY_2030_82,RELAY_HUB,2030,-0.01,0.477,
RELAY_2030_165,RELAY_HUB,2030,-0.01,0.477,
RELAY_2030_95,RELAY_HUB,2030,-0.01,0.477,
RELAY_2030_73,RELAY_HUB,2030,-0.01,0.477,
RELAY_2030_26,RELAY_HUB,2030,-0.01,0.477,
NONMETRO_GR,DEMAND_NONMETRO,2030,-0.01,0.477,
RELAY_2030_150,RELAY_HUB,2030,-0.01,0.477,
RELAY_2030_115,RELAY_HUB,2030,-0.01,0.477,
RELAY_2030_21,RELAY_HUB,2030,-0.01,0.477,
RELAY_2030_24,RELAY_HUB,2030,-0.01,0.477,
RELAY_2030_54,RELAY_HUB,2030,-0.01,0.477,
RELAY_2030_146,RELAY_HUB,2030,-0.01,0.477,
METRO_HU_debrecen,PERI_URBAN_HUB,2030,-0.01,0.477,1.0
RELAY_2030_112,RELAY_HUB,2030,-0.01,0.477,
RELAY_2030_110,RELAY_HUB,2030,-0.01,0.477,
METRO_CZ_prague,PERI_URBAN_HUB,2030,-0.01,0.477,1.001
RELAY_2030_71,RELAY_HUB,2030,-0.01,0.477,
RELAY_2030_77,RELAY_HUB,2030,-0.01,0.477,
RELAY_2030_125,RELAY_HUB,2030,-0.01,0.477,
RELAY_2030_29,RELAY_HUB,2030,-0.01,0.477,
RELAY_2030_90,RELAY_HUB,2030,-0.01,0.477,
RELAY_2030_134,RELAY_HUB,2030,-0.01,0.477,
RELAY_2030_33,RELAY_HUB,2030,-0.01,0.477,
METRO_HU_szeged,PERI_URBAN_HUB,2030,-0.01,0.477,1.0
RELAY_2030_27,RELAY_HUB,2030,-0.01,0.477,
RELAY_2030_132,RELAY_HUB,2030,-0.01,0.477,
RELAY_2030_159,RELAY_HUB,2030,-0.01,0.477,
METRO_CZ_pilsen,PERI_URBAN_HUB,2030,-0.01,0.477,1.0
RELAY_2030_56,RELAY_HUB,2030,-0.01,0.477,
METRO_RO_bucharest,PERI_URBAN_HUB,2030,-0.01,0.477,1.005
RELAY_2030_124,RELAY_HUB,2030,-0.01,0.477,
RELAY_2030_108,RELAY_HUB,2030,-0.01,0.477,
RELAY_2030_58,RELAY_HUB,2030,-0.01,0.477,
RELAY_2030_85,RELAY_HUB,2030,-0.01,0.477,
RELAY_2030_7,RELAY_HUB,2030,-0.01,0.477,
METRO_RO_cluj_napoca,PERI_URBAN_HUB,2030,-0.01,0.477,1.0
RELAY_2030_84,RELAY_HUB,2030,-0.01,0.477,
RELAY_2030_101,RELAY_HUB,2030,-0.01,0.477,
RELAY_2030_111,RELAY_HUB,2030,-0.01,0.477,
RELAY_2030_118,RELAY_HUB,2030,-0.01,0.477,
RELAY_2030_135,RELAY_HUB,2030,-0.01,0.477,
RELAY_2030_13,RELAY_HUB,2030,-0.01,0.477,
RELAY_2030_130,RELAY_HUB,2030,-0.01,0.477,
RELAY_2030_123,RELAY_HUB,2030,-0.01,0.477,
RELAY_2030_6,RELAY_HUB,2030,-0.01,0.477,
RELAY_2030_41,RELAY_HUB,2030,-0.01,0.477,
RELAY_2030_107,RELAY_HUB,2030,-0.01,0.477,
RELAY_2030_57,RELAY_HUB,2030,-0.01,0.477,
RELAY_2030_138,RELAY_HUB,2030,-0.01,0.477,
METRO_RO_craiova,PERI_URBAN_HUB,2030,-0.01,0.477,1.011
RELAY_2030_17,RELAY_HUB,2030,-0.01,0.477,
METRO_HR_zagreb,PERI_URBAN_HUB,2030,-0.01,0.477,1.0
RELAY_2030_92,RELAY_HUB,2030,-0.01,0.477,
RELAY_2030_64,RELAY_HUB,2030,-0.01,0.477,
METRO_BG_plovdiv,PERI_URBAN_HUB,2030,-0.01,0.477,1.025
RELAY_2030_94,RELAY_HUB,2030,-0.01,0.477,
NONMETRO_RO,DEMAND_NONMETRO,2030,-0.01,0.477,
RELAY_2030_18,RELAY_HUB,2030,-0.01,0.477,
RELAY_2030_65,RELAY_HUB,2030,-0.01,0.477,
RELAY_2030_102,RELAY_HUB,2030,-0.01,0.477,
NONMETRO_BG,DEMAND_NONMETRO,2030,-0.01,0.477,
METRO_HU_miskolc,PERI_URBAN_HUB,2030,-0.01,0.477,1.0
RELAY_2030_45,RELAY_HUB,2030,-0.01,0.477,
RELAY_2030_151,RELAY_HUB,2030,-0.01,0.477,
RELAY_2030_49,RELAY_HUB,2030,-0.01,0.477,
RELAY_2030_55,RELAY_HUB,2030,-0.01,0.477,
RELAY_2030_141,RELAY_HUB,2030,-0.01,0.477,
RELAY_2030_86,RELAY_HUB,2030,-0.01,0.477,
METRO_RO_pitesti,PERI_URBAN_HUB,2030,-0.01,0.477,1.001
RELAY_2030_106,RELAY_HUB,2030,-0.01,0.477,
NONMETRO_SI,DEMAND_NONMETRO,2030,-0.01,0.477,
RELAY_2030_104,RELAY_HUB,2030,-0.01,0.477,
RELAY_2030_155,RELAY_HUB,2030,-0.01,0.477,
RELAY_2030_79,RELAY_HUB,2030,-0.01,0.477,
RELAY_2030_30,RELAY_HUB,2030,-0.01,0.477,
RELAY_2030_46,RELAY_HUB,2030,-0.01,0.477,
RELAY_2030_51,RELAY_HUB,2030,-0.01,0.477,
METRO_RO_timisoara,PERI_URBAN_HUB,2030,-0.01,0.477,1.004
RELAY_2030_74,RELAY_HUB,2030,-0.01,0.477,
RELAY_2030_96,RELAY_HUB,2030,-0.01,0.477,
RELAY_2030_100,RELAY_HUB,2030,-0.01,0.477,
RELAY_2030_87,RELAY_HUB,2030,-0.01,0.477,
NONMETRO_MT,DEMAND_NONMETRO,2030,-0.01,0.477,
RELAY_2030_153,RELAY_HUB,2030,-0.01,0.477,
RELAY_2030_67,RELAY_HUB,2030,-0.01,0.477,
RELAY_2030_161,RELAY_HUB,2030,-0.01,0.477,
METRO_GR_patras,PERI_URBAN_HUB,2030,-0.01,0.477,1.03
METRO_CZ_brno,PERI_URBAN_HUB,2030,-0.01,0.477,1.0
METRO_HU_budapest,PERI_URBAN_HUB,2030,-0.01,0.477,1.0
RELAY_2030_50,RELAY_HUB,2030,-0.01,0.477,
METRO_RO_brasov,PERI_URBAN_HUB,2030,-0.01,0.477,1.0
RELAY_2030_12,RELAY_HUB,2030,-0.01,0.477,
RELAY_2030_3,RELAY_HUB,2030,-0.01,0.477,
RELAY_2030_137,RELAY_HUB,2030,-0.01,0.477,
RELAY_2030_43,RELAY_HUB,2030,-0.01,0.477,
RELAY_2030_120,RELAY_HUB,2030,-0.01,0.477,
RELAY_2030_23,RELAY_HUB,2030,-0.01,0.477,
NONMETRO_CZ,DEMAND_NONMETRO,2030,-0.01,0.477,
RELAY_2030_31,RELAY_HUB,2030,-0.01,0.477,
RELAY_2030_81,RELAY_HUB,2030,-0.01,0.477,
METRO_BG_sofia,PERI_URBAN_HUB,2030,-0.01,0.477,1.004
METRO_RO_bacau,PERI_URBAN_HUB,2030,-0.01,0.477,1.026
RELAY_2030_62,RELAY_HUB,2030,-0.01,0.477,
RELAY_2030_97,RELAY_HUB,2030,-0.01,0.477,
NONMETRO_CY,DEMAND_NONMETRO,2030,-0.01,0.477,
RELAY_2030_75,RELAY_HUB,2030,-0.01,0.477,
RELAY_2030_157,RELAY_HUB,2030,-0.01,0.477,
METRO_CY_nicosia,PERI_URBAN_HUB,2030,-0.01,0.477,
RELAY_2030_5,RELAY_HUB,2030,-0.01,0.477,
METRO_BG_varna,PERI_URBAN_HUB,2030,-0.01,0.477,1.003
RELAY_2030_28,RELAY_HUB,2030,-0.01,0.477,
RELAY_2030_105,RELAY_HUB,2030,-0.01,0.477,
RELAY_2030_136,RELAY_HUB,2030,-0.01,0.477,
RELAY_2030_119,RELAY_HUB,2030,-0.01,0.477,
RELAY_2030_88,RELAY_HUB,2030,-0.01,0.477,
RELAY_2030_166,RELAY_HUB,2030,-0.01,0.477,
RELAY_2030_143,RELAY_HUB,2030,-0.01,0.477,
RELAY_2030_91,RELAY_HUB,2030,-0.01,0.477,
METRO_SK_kosice,PERI_URBAN_HUB,2030,-0.01,0.477,1.013
RELAY_2030_15,RELAY_HUB,2030,-0.01,0.477,
RELAY_2030_129,RELAY_HUB,2030,-0.01,0.477,
RELAY_2030_145,RELAY_HUB,2030,-0.01,0.477,
RELAY_2030_152,RELAY_HUB,2030,-0.01,0.477,
CAND_IT_rome,DC,2030,-0.01,0.477,1.0
RELAY_2030_69,RELAY_HUB,2030,-0.01,0.477,
RELAY_2030_98,RELAY_HUB,2030,-0.01,0.477,
RELAY_2030_160,RELAY_HUB,2030,-0.01,0.477,
RELAY_2030_139,RELAY_HUB,2030,-0.01,0.477,
METRO_RO_constanta,PERI_URBAN_HUB,2030,-0.01,0.477,1.002
RELAY_2031_107,RELAY_HUB,2031,0.0,0.0,
RELAY_2031_123,RELAY_HUB,2031,0.0,0.0,
RELAY_2031_138,RELAY_HUB,2031,0.0,0.0,
RELAY_2031_94,RELAY_HUB,2031,0.0,0.0,
RELAY_2031_164,RELAY_HUB,2031,0.0,0.0,
RELAY_2031_101,RELAY_HUB,2031,0.0,0.0,
RELAY_2031_38,RELAY_HUB,2031,0.0,0.0,
RELAY_2031_75,RELAY_HUB,2031,0.0,0.0,
RELAY_2031_54,RELAY_HUB,2031,0.0,0.0,
RELAY_2031_28,RELAY_HUB,2031,0.0,0.0,
RELAY_2031_56,RELAY_HUB,2031,0.0,0.0,
RELAY_2031_125,RELAY_HUB,2031,0.0,0.0,
RELAY_2031_141,RELAY_HUB,2031,0.0,0.0,
RELAY_2031_59,RELAY_HUB,2031,0.0,0.0,
RELAY_2031_20,RELAY_HUB,2031,0.0,0.0,
RELAY_2031_121,RELAY_HUB,2031,0.0,0.0,
RELAY_2031_124,RELAY_HUB,2031,0.0,0.0,
RELAY_2031_97,RELAY_HUB,2031,0.0,0.0,
RELAY_2031_2,RELAY_HUB,2031,0.0,0.0,
RELAY_2031_4,RELAY_HUB,2031,0.0,0.0,
RELAY_2031_155,RELAY_HUB,2031,0.0,0.0,
RELAY_2031_23,RELAY_HUB,2031,0.0,0.0,
RELAY_2031_27,RELAY_HUB,2031,0.0,0.0,
RELAY_2031_64,RELAY_HUB,2031,0.0,0.0,
RELAY_2031_149,RELAY_HUB,2031,0.0,0.0,
RELAY_2031_135,RELAY_HUB,2031,0.0,0.0,
RELAY_2031_35,RELAY_HUB,2031,0.0,0.0,
RELAY_2031_61,RELAY_HUB,2031,0.0,0.0,
RELAY_2031_14,RELAY_HUB,2031,0.0,0.0,
RELAY_2031_96,RELAY_HUB,2031,0.0,0.0,
RELAY_2031_21,RELAY_HUB,2031,0.0,0.0,
RELAY_2031_67,RELAY_HUB,2031,0.0,0.0,
RELAY_2031_139,RELAY_HUB,2031,0.0,0.0,
RELAY_2031_154,RELAY_HUB,2031,0.0,0.0,
RELAY_2031_165,RELAY_HUB,2031,0.0,0.0,
RELAY_2031_53,RELAY_HUB,2031,0.0,0.0,
RELAY_2031_33,RELAY_HUB,2031,0.0,0.0,
RELAY_2031_160,RELAY_HUB,2031,0.0,0.0,
RELAY_2031_66,RELAY_HUB,2031,0.0,0.0,
RELAY_2031_8,RELAY_HUB,2031,0.0,0.0,
RELAY_2031_6,RELAY_HUB,2031,0.0,0.0,
RELAY_2031_46,RELAY_HUB,2031,0.0,0.0,
RELAY_2031_89,RELAY_HUB,2031,0.0,0.0,
RELAY_2031_72,RELAY_HUB,2031,0.0,0.0,
RELAY_2031_95,RELAY_HUB,2031,0.0,0.0,
RELAY_2031_77,RELAY_HUB,2031,0.0,0.0,
RELAY_2031_50,RELAY_HUB,2031,0.0,0.0,
RELAY_2031_90,RELAY_HUB,2031,0.0,0.0,
RELAY_2031_25,RELAY_HUB,2031,0.0,0.0,
RELAY_2031_93,RELAY_HUB,2031,0.0,0.0,
RELAY_2031_30,RELAY_HUB,2031,0.0,0.0,
RELAY_2031_117,RELAY_HUB,2031,0.0,0.0,
RELAY_2031_110,RELAY_HUB,2031,0.0,0.0,
RELAY_2031_115,RELAY_HUB,2031,0.0,0.0,
RELAY_2031_70,RELAY_HUB,2031,0.0,0.0,
RELAY_2031_166,RELAY_HUB,2031,0.0,0.0,
RELAY_2031_148,RELAY_HUB,2031,0.0,0.0,
RELAY_2031_162,RELAY_HUB,2031,0.0,0.0,
RELAY_2031_83,RELAY_HUB,2031,0.0,0.0,
RELAY_2031_144,RELAY_HUB,2031,0.0,0.0,
RELAY_2031_16,RELAY_HUB,2031,0.0,0.0,
RELAY_2031_137,RELAY_HUB,2031,0.0,0.0,
RELAY_2031_126,RELAY_HUB,2031,0.0,0.0,
RELAY_2031_152,RELAY_HUB,2031,0.0,0.0,
RELAY_2031_15,RELAY_HUB,2031,0.0,0.0,
RELAY_2031_12,RELAY_HUB,2031,0.0,0.0,
RELAY_2031_84,RELAY_HUB,2031,0.0,0.0,
RELAY_2031_13,RELAY_HUB,2031,0.0,0.0,
RELAY_2031_80,RELAY_HUB,2031,0.0,0.0,
RELAY_2031_58,RELAY_HUB,2031,0.0,0.0,
RELAY_2031_153,RELAY_HUB,2031,0.0,0.0,
RELAY_2031_159,RELAY_HUB,2031,0.0,0.0,
RELAY_2031_151,RELAY_HUB,2031,0.0,0.0,
RELAY_2031_63,RELAY_HUB,2031,0.0,0.0,
RELAY_2031_131,RELAY_HUB,2031,0.0,0.0,
RELAY_2031_161,RELAY_HUB,2031,0.0,0.0,
RELAY_2031_42,RELAY_HUB,2031,0.0,0.0,
RELAY_2031_34,RELAY_HUB,2031,0.0,0.0,
RELAY_2031_32,RELAY_HUB,2031,0.0,0.0,
RELAY_2031_100,RELAY_HUB,2031,0.0,0.0,
RELAY_2031_40,RELAY_HUB,2031,0.0,0.0,
RELAY_2031_120,RELAY_HUB,2031,0.0,0.0,
RELAY_2031_57,RELAY_HUB,2031,0.0,0.0,
RELAY_2031_43,RELAY_HUB,2031,0.0,0.0,
RELAY_2031_143,RELAY_HUB,2031,0.0,0.0,
RELAY_2031_132,RELAY_HUB,2031,0.0,0.0,
RELAY_2031_157,RELAY_HUB,2031,0.0,0.0,
RELAY_2031_142,RELAY_HUB,2031,0.0,0.0,
RELAY_2031_22,RELAY_HUB,2031,0.0,0.0,
RELAY_2031_127,RELAY_HUB,2031,0.0,0.0,
RELAY_2031_158,RELAY_HUB,2031,0.0,0.0,
RELAY_2031_105,RELAY_HUB,2031,0.0,0.0,
RELAY_2031_85,RELAY_HUB,2031,0.0,0.0,
RELAY_2031_113,RELAY_HUB,2031,0.0,0.0,
RELAY_2031_136,RELAY_HUB,2031,0.0,0.0,
RELAY_2031_51,RELAY_HUB,2031,0.0,0.0,
RELAY_2031_86,RELAY_HUB,2031,0.0,0.0,
RELAY_2031_106,RELAY_HUB,2031,0.0,0.0,
RELAY_2031_37,RELAY_HUB,2031,0.0,0.0,
RELAY_2031_146,RELAY_HUB,2031,0.0,0.0,
RELAY_2031_55,RELAY_HUB,2031,0.0,0.0,
RELAY_2031_145,RELAY_HUB,2031,0.0,0.0,
RELAY_2031_114,RELAY_HUB,2031,0.0,0.0,
RELAY_2031_36,RELAY_HUB,2031,0.0,0.0,
RELAY_2031_1,RELAY_HUB,2031,0.0,0.0,
RELAY_2031_104,RELAY_HUB,2031,0.0,0.0,
RELAY_2031_68,RELAY_HUB,2031,0.0,0.0,
RELAY_2031_73,RELAY_HUB,2031,0.0,0.0,
RELAY_2031_0,RELAY_HUB,2031,0.0,0.0,
RELAY_2031_3,RELAY_HUB,2031,0.0,0.0,
RELAY_2031_18,RELAY_HUB,2031,0.0,0.0,
RELAY_2031_76,RELAY_HUB,2031,0.0,0.0,
RELAY_2031_118,RELAY_HUB,2031,0.0,0.0,
RELAY_2031_81,RELAY_HUB,2031,0.0,0.0,
RELAY_2031_116,RELAY_HUB,2031,0.0,0.0,
RELAY_2031_5,RELAY_HUB,2031,0.0,0.0,
RELAY_2031_92,RELAY_HUB,2031,0.0,0.0,
RELAY_2031_41,RELAY_HUB,2031,0.0,0.0,
RELAY_2031_130,RELAY_HUB,2031,0.0,0.0,
RELAY_2031_62,RELAY_HUB,2031,0.0,0.0,
RELAY_2031_45,RELAY_HUB,2031,0.0,0.0,
RELAY_2031_10,RELAY_HUB,2031,0.0,0.0,
RELAY_2031_26,RELAY_HUB,2031,0.0,0.0,
RELAY_2031_44,RELAY_HUB,2031,0.0,0.0,
RELAY_2031_129,RELAY_HUB,2031,0.0,0.0,
RELAY_2031_52,RELAY_HUB,2031,0.0,0.0,
RELAY_2031_156,RELAY_HUB,2031,0.0,0.0,
RELAY_2031_140,RELAY_HUB,2031,0.0,0.0,
RELAY_2031_7,RELAY_HUB,2031,0.0,0.0,
RELAY_2031_39,RELAY_HUB,2031,0.0,0.0,
RELAY_2031_24,RELAY_HUB,2031,0.0,0.0,
RELAY_2031_69,RELAY_HUB,2031,0.0,0.0,
RELAY_2031_48,RELAY_HUB,2031,0.0,0.0,
RELAY_2031_111,RELAY_HUB,2031,0.0,0.0,
RELAY_2031_11,RELAY_HUB,2031,0.0,0.0,
RELAY_2031_87,RELAY_HUB,2031,0.0,0.0,
RELAY_2031_31,RELAY_HUB,2031,0.0,0.0,
RELAY_2031_74,RELAY_HUB,2031,0.0,0.0,
RELAY_2031_109,RELAY_HUB,2031,0.0,0.0,
RELAY_2031_103,RELAY_HUB,2031,0.0,0.0,
RELAY_2031_147,RELAY_HUB,2031,0.0,0.0,
RELAY_2031_79,RELAY_HUB,2031,0.0,0.0,
RELAY_2031_47,RELAY_HUB,2031,0.0,0.0,
RELAY_2031_82,RELAY_HUB,2031,0.0,0.0,
RELAY_2031_122,RELAY_HUB,2031,0.0,0.0,
RELAY_2031_60,RELAY_HUB,2031,0.0,0.0,
RELAY_2031_19,RELAY_HUB,2031,0.0,0.0,
RELAY_2031_112,RELAY_HUB,2031,0.0,0.0,
RELAY_2031_49,RELAY_HUB,2031,0.0,0.0,
RELAY_2031_17,RELAY_HUB,2031,0.0,0.0,
RELAY_2031_29,RELAY_HUB,2031,0.0,0.0,
RELAY_2031_91,RELAY_HUB,2031,0.0,0.0,
RELAY_2031_65,RELAY_HUB,2031,0.0,0.0,
RELAY_2031_163,RELAY_HUB,2031,0.0,0.0,
RELAY_2031_128,RELAY_HUB,2031,0.0,0.0,
RELAY_2031_71,RELAY_HUB,2031,0.0,0.0,
RELAY_2031_9,RELAY_HUB,2031,0.0,0.0,
RELAY_2031_99,RELAY_HUB,2031,0.0,0.0,
RELAY_2031_102,RELAY_HUB,2031,0.0,0.0,
RELAY_2031_119,RELAY_HUB,2031,0.0,0.0,
RELAY_2031_150,RELAY_HUB,2031,0.0,0.0,
RELAY_2031_134,RELAY_HUB,2031,0.0,0.0,
RELAY_2031_98,RELAY_HUB,2031,0.0,0.0,
RELAY_2031_88,RELAY_HUB,2031,0.0,0.0,
RELAY_2031_78,RELAY_HUB,2031,0.0,0.0,
RELAY_2031_133,RELAY_HUB,2031,0.0,0.0,
RELAY_2031_108,RELAY_HUB,2031,0.0,0.0,
RELAY_2032_61,RELAY_HUB,2032,0.0,0.0,
RELAY_2032_90,RELAY_HUB,2032,0.0,0.0,
RELAY_2032_29,RELAY_HUB,2032,0.0,0.0,
RELAY_2032_16,RELAY_HUB,2032,0.0,0.0,
RELAY_2032_146,RELAY_HUB,2032,0.0,0.0,
RELAY_2032_32,RELAY_HUB,2032,0.0,0.0,
RELAY_2032_164,RELAY_HUB,2032,0.0,0.0,
RELAY_2032_161,RELAY_HUB,2032,0.0,0.0,
RELAY_2032_45,RELAY_HUB,2032,0.0,0.0,
RELAY_2032_14,RELAY_HUB,2032,0.0,0.0,
RELAY_2032_11,RELAY_HUB,2032,0.0,0.0,
RELAY_2032_122,RELAY_HUB,2032,0.0,0.0,
RELAY_2032_8,RELAY_HUB,2032,0.0,0.0,
RELAY_2032_9,RELAY_HUB,2032,0.0,0.0,
RELAY_2032_48,RELAY_HUB,2032,0.0,0.0,
RELAY_2032_143,RELAY_HUB,2032,0.0,0.0,
RELAY_2032_147,RELAY_HUB,2032,0.0,0.0,
RELAY_2032_2,RELAY_HUB,2032,0.0,0.0,
RELAY_2032_23,RELAY_HUB,2032,0.0,0.0,
RELAY_2032_28,RELAY_HUB,2032,0.0,0.0,
RELAY_2032_87,RELAY_HUB,2032,0.0,0.0,
RELAY_2032_17,RELAY_HUB,2032,0.0,0.0,
RELAY_2032_81,RELAY_HUB,2032,0.0,0.0,
RELAY_2032_15,RELAY_HUB,2032,0.0,0.0,
RELAY_2032_158,RELAY_HUB,2032,0.0,0.0,
RELAY_2032_66,RELAY_HUB,2032,0.0,0.0,
RELAY_2032_77,RELAY_HUB,2032,0.0,0.0,
RELAY_2032_40,RELAY_HUB,2032,0.0,0.0,
RELAY_2032_125,RELAY_HUB,2032,0.0,0.0,
RELAY_2032_75,RELAY_HUB,2032,0.0,0.0,
RELAY_2032_42,RELAY_HUB,2032,0.0,0.0,
RELAY_2032_88,RELAY_HUB,2032,0.0,0.0,
RELAY_2032_62,RELAY_HUB,2032,0.0,0.0,
RELAY_2032_127,RELAY_HUB,2032,0.0,0.0,
RELAY_2032_44,RELAY_HUB,2032,0.0,0.0,
RELAY_2032_68,RELAY_HUB,2032,0.0,0.0,
RELAY_2032_142,RELAY_HUB,2032,0.0,0.0,
RELAY_2032_91,RELAY_HUB,2032,0.0,0.0,
RELAY_2032_95,RELAY_HUB,2032,0.0,0.0,
RELAY_2032_65,RELAY_HUB,2032,0.0,0.0,
RELAY_2032_162,RELAY_HUB,2032,0.0,0.0,
RELAY_2032_78,RELAY_HUB,2032,0.0,0.0,
RELAY_2032_148,RELAY_HUB,2032,0.0,0.0,
RELAY_2032_59,RELAY_HUB,2032,0.0,0.0,
RELAY_2032_38,RELAY_HUB,2032,0.0,0.0,
RELAY_2032_106,RELAY_HUB,2032,0.0,0.0,
RELAY_2032_120,RELAY_HUB,2032,0.0,0.0,
RELAY_2032_60,RELAY_HUB,2032,0.0,0.0,
RELAY_2032_132,RELAY_HUB,2032,0.0,0.0,
RELAY_2032_0,RELAY_HUB,2032,0.0,0.0,
RELAY_2032_93,RELAY_HUB,2032,0.0,0.0,
RELAY_2032_56,RELAY_HUB,2032,0.0,0.0,
RELAY_2032_34,RELAY_HUB,2032,0.0,0.0,
RELAY_2032_126,RELAY_HUB,2032,0.0,0.0,
RELAY_2032_39,RELAY_HUB,2032,0.0,0.0,
RELAY_2032_64,RELAY_HUB,2032,0.0,0.0,
RELAY_2032_119,RELAY_HUB,2032,0.0,0.0,
RELAY_2032_141,RELAY_HUB,2032,0.0,0.0,
RELAY_2032_151,RELAY_HUB,2032,0.0,0.0,
RELAY_2032_84,RELAY_HUB,2032,0.0,0.0,
RELAY_2032_92,RELAY_HUB,2032,0.0,0.0,
RELAY_2032_145,RELAY_HUB,2032,0.0,0.0,
RELAY_2032_76,RELAY_HUB,2032,0.0,0.0,
RELAY_2032_97,RELAY_HUB,2032,0.0,0.0,
RELAY_2032_128,RELAY_HUB,2032,0.0,0.0,
RELAY_2032_33,RELAY_HUB,2032,0.0,0.0,
RELAY_2032_160,RELAY_HUB,2032,0.0,0.0,
RELAY_2032_112,RELAY_HUB,2032,0.0,0.0,
RELAY_2032_96,RELAY_HUB,2032,0.0,0.0,
RELAY_2032_154,RELAY_HUB,2032,0.0,0.0,
RELAY_2032_5,RELAY_HUB,2032,0.0,0.0,
RELAY_2032_159,RELAY_HUB,2032,0.0,0.0,
RELAY_2032_139,RELAY_HUB,2032,0.0,0.0,
RELAY_2032_79,RELAY_HUB,2032,0.0,0.0,
RELAY_2032_116,RELAY_HUB,2032,0.0,0.0,
RELAY_2032_13,RELAY_HUB,2032,0.0,0.0,
RELAY_2032_82,RELAY_HUB,2032,0.0,0.0,
RELAY_2032_135,RELAY_HUB,2032,0.0,0.0,
RELAY_2032_108,RELAY_HUB,2032,0.0,0.0,
RELAY_2032_41,RELAY_HUB,2032,0.0,0.0,
RELAY_2032_71,RELAY_HUB,2032,0.0,0.0,
RELAY_2032_100,RELAY_HUB,2032,0.0,0.0,
RELAY_2032_22,RELAY_HUB,2032,0.0,0.0,
RELAY_2032_89,RELAY_HUB,2032,0.0,0.0,
RELAY_2032_80,RELAY_HUB,2032,0.0,0.0,
RELAY_2032_58,RELAY_HUB,2032,0.0,0.0,
RELAY_2032_72,RELAY_HUB,2032,0.0,0.0,
RELAY_2032_83,RELAY_HUB,2032,0.0,0.0,
RELAY_2032_10,RELAY_HUB,2032,0.0,0.0,
RELAY_2032_24,RELAY_HUB,2032,0.0,0.0,
RELAY_2032_152,RELAY_HUB,2032,0.0,0.0,
RELAY_2032_118,RELAY_HUB,2032,0.0,0.0,
RELAY_2032_43,RELAY_HUB,2032,0.0,0.0,
RELAY_2032_69,RELAY_HUB,2032,0.0,0.0,
RELAY_2032_57,RELAY_HUB,2032,0.0,0.0,
RELAY_2032_163,RELAY_HUB,2032,0.0,0.0,
RELAY_2032_156,RELAY_HUB,2032,0.0,0.0,
RELAY_2032_131,RELAY_HUB,2032,0.0,0.0,
RELAY_2032_98,RELAY_HUB,2032,0.0,0.0,
RELAY_2032_1,RELAY_HUB,2032,0.0,0.0,
RELAY_2032_157,RELAY_HUB,2032,0.0,0.0,
RELAY_2032_85,RELAY_HUB,2032,0.0,0.0,
RELAY_2032_46,RELAY_HUB,2032,0.0,0.0,
RELAY_2032_124,RELAY_HUB,2032,0.0,0.0,
RELAY_2032_6,RELAY_HUB,2032,0.0,0.0,
RELAY_2032_55,RELAY_HUB,2032,0.0,0.0,
RELAY_2032_54,RELAY_HUB,2032,0.0,0.0,
RELAY_2032_37,RELAY_HUB,2032,0.0,0.0,
RELAY_2032_111,RELAY_HUB,2032,0.0,0.0,
RELAY_2032_103,RELAY_HUB,2032,0.0,0.0,
RELAY_2032_19,RELAY_HUB,2032,0.0,0.0,
RELAY_2032_110,RELAY_HUB,2032,0.0,0.0,
RELAY_2032_153,RELAY_HUB,2032,0.0,0.0,
RELAY_2032_63,RELAY_HUB,2032,0.0,0.0,
RELAY_2032_94,RELAY_HUB,2032,0.0,0.0,
RELAY_2032_53,RELAY_HUB,2032,0.0,0.0,
RELAY_2032_50,RELAY_HUB,2032,0.0,0.0,
RELAY_2032_52,RELAY_HUB,2032,0.0,0.0,
RELAY_2032_121,RELAY_HUB,2032,0.0,0.0,
RELAY_2032_20,RELAY_HUB,2032,0.0,0.0,
RELAY_2032_149,RELAY_HUB,2032,0.0,0.0,
RELAY_2032_30,RELAY_HUB,2032,0.0,0.0,
RELAY_2032_31,RELAY_HUB,2032,0.0,0.0,
RELAY_2032_137,RELAY_HUB,2032,0.0,0.0,
RELAY_2032_21,RELAY_HUB,2032,0.0,0.0,
RELAY_2032_129,RELAY_HUB,2032,0.0,0.0,
RELAY_2032_150,RELAY_HUB,2032,0.0,0.0,
RELAY_2032_105,RELAY_HUB,2032,0.0,0.0,
RELAY_2032_74,RELAY_HUB,2032,0.0,0.0,
RELAY_2032_4,RELAY_HUB,2032,0.0,0.0,
RELAY_2032_136,RELAY_HUB,2032,0.0,0.0,
RELAY_2032_114,RELAY_HUB,2032,0.0,0.0,
RELAY_2032_7,RELAY_HUB,2032,0.0,0.0,
RELAY_2032_155,RELAY_HUB,2032,0.0,0.0,
RELAY_2032_25,RELAY_HUB,2032,0.0,0.0,
RELAY_2032_86,RELAY_HUB,2032,0.0,0.0,
RELAY_2032_18,RELAY_HUB,2032,0.0,0.0,
RELAY_2032_12,RELAY_HUB,2032,0.0,0.0,
RELAY_2032_138,RELAY_HUB,2032,0.0,0.0,
RELAY_2032_102,RELAY_HUB,2032,0.0,0.0,
RELAY_2032_133,RELAY_HUB,2032,0.0,0.0,
RELAY_2032_104,RELAY_HUB,2032,0.0,0.0,
RELAY_2032_130,RELAY_HUB,2032,0.0,0.0,
RELAY_2032_47,RELAY_HUB,2032,0.0,0.0,
RELAY_2032_165,RELAY_HUB,2032,0.0,0.0,
RELAY_2032_166,RELAY_HUB,2032,0.0,0.0,
RELAY_2032_140,RELAY_HUB,2032,0.0,0.0,
RELAY_2032_70,RELAY_HUB,2032,0.0,0.0,
RELAY_2032_134,RELAY_HUB,2032,0.0,0.0,
RELAY_2032_99,RELAY_HUB,2032,0.0,0.0,
RELAY_2032_115,RELAY_HUB,2032,0.0,0.0,
RELAY_2032_26,RELAY_HUB,2032,0.0,0.0,
RELAY_2032_49,RELAY_HUB,2032,0.0,0.0,
RELAY_2032_51,RELAY_HUB,2032,0.0,0.0,
RELAY_2032_35,RELAY_HUB,2032,0.0,0.0,
RELAY_2032_27,RELAY_HUB,2032,0.0,0.0,
RELAY_2032_144,RELAY_HUB,2032,0.0,0.0,
RELAY_2032_67,RELAY_HUB,2032,0.0,0.0,
RELAY_2032_117,RELAY_HUB,2032,0.0,0.0,
RELAY_2032_123,RELAY_HUB,2032,0.0,0.0,
RELAY_2032_109,RELAY_HUB,2032,0.0,0.0,
RELAY_2032_73,RELAY_HUB,2032,0.0,0.0,
RELAY_2032_36,RELAY_HUB,2032,0.0,0.0,
RELAY_2032_107,RELAY_HUB,2032,0.0,0.0,
RELAY_2032_113,RELAY_HUB,2032,0.0,0.0,
RELAY_2032_3,RELAY_HUB,2032,0.0,0.0,
RELAY_2032_101,RELAY_HUB,2032,0.0,0.0,
RELAY_2033_49,RELAY_HUB,2033,0.0,0.0,
RELAY_2033_102,RELAY_HUB,2033,0.0,0.0,
RELAY_2033_123,RELAY_HUB,2033,0.0,0.0,
RELAY_2033_60,RELAY_HUB,2033,0.0,0.0,
RELAY_2033_55,RELAY_HUB,2033,0.0,0.0,
RELAY_2033_139,RELAY_HUB,2033,0.0,0.0,
RELAY_2033_96,RELAY_HUB,2033,0.0,0.0,
RELAY_2033_11,RELAY_HUB,2033,0.0,0.0,
RELAY_2033_164,RELAY_HUB,2033,0.0,0.0,
RELAY_2033_35,RELAY_HUB,2033,0.0,0.0,
RELAY_2033_36,RELAY_HUB,2033,0.0,0.0,
RELAY_2033_119,RELAY_HUB,2033,0.0,0.0,
RELAY_2033_31,RELAY_HUB,2033,0.0,0.0,
RELAY_2033_144,RELAY_HUB,2033,0.0,0.0,
RELAY_2033_106,RELAY_HUB,2033,0.0,0.0,
RELAY_2033_45,RELAY_HUB,2033,0.0,0.0,
RELAY_2033_101,RELAY_HUB,2033,0.0,0.0,
RELAY_2033_149,RELAY_HUB,2033,0.0,0.0,
RELAY_2033_108,RELAY_HUB,2033,0.0,0.0,
RELAY_2033_134,RELAY_HUB,2033,0.0,0.0,
RELAY_2033_1,RELAY_HUB,2033,0.0,0.0,
RELAY_2033_68,RELAY_HUB,2033,0.0,0.0,
RELAY_2033_22,RELAY_HUB,2033,0.0,0.0,
RELAY_2033_142,RELAY_HUB,2033,0.0,0.0,
RELAY_2033_162,RELAY_HUB,2033,0.0,0.0,
RELAY_2033_15,RELAY_HUB,2033,0.0,0.0,
RELAY_2033_145,RELAY_HUB,2033,0.0,0.0,
RELAY_2033_107,RELAY_HUB,2033,0.0,0.0,
RELAY_2033_21,RELAY_HUB,2033,0.0,0.0,
RELAY_2033_0,RELAY_HUB,2033,0.0,0.0,
RELAY_2033_94,RELAY_HUB,2033,0.0,0.0,
RELAY_2033_40,RELAY_HUB,2033,0.0,0.0,
RELAY_2033_53,RELAY_HUB,2033,0.0,0.0,
RELAY_2033_59,RELAY_HUB,2033,0.0,0.0,
RELAY_2033_90,RELAY_HUB,2033,0.0,0.0,
RELAY_2033_141,RELAY_HUB,2033,0.0,0.0,
RELAY_2033_13,RELAY_HUB,2033,0.0,0.0,
RELAY_2033_118,RELAY_HUB,2033,0.0,0.0,
RELAY_2033_79,RELAY_HUB,2033,0.0,0.0,
RELAY_2033_16,RELAY_HUB,2033,0.0,0.0,
RELAY_2033_41,RELAY_HUB,2033,0.0,0.0,
RELAY_2033_104,RELAY_HUB,2033,0.0,0.0,
RELAY_2033_81,RELAY_HUB,2033,0.0,0.0,
RELAY_2033_50,RELAY_HUB,2033,0.0,0.0,
RELAY_2033_99,RELAY_HUB,2033,0.0,0.0,
RELAY_2033_74,RELAY_HUB,2033,0.0,0.0,
RELAY_2033_9,RELAY_HUB,2033,0.0,0.0,
RELAY_2033_69,RELAY_HUB,2033,0.0,0.0,
RELAY_2033_38,RELAY_HUB,2033,0.0,0.0,
RELAY_2033_88,RELAY_HUB,2033,0.0,0.0,
RELAY_2033_26,RELAY_HUB,2033,0.0,0.0,
RELAY_2033_125,RELAY_HUB,2033,0.0,0.0,
RELAY_2033_135,RELAY_HUB,2033,0.0,0.0,
RELAY_2033_157,RELAY_HUB,2033,0.0,0.0,
RELAY_2033_91,RELAY_HUB,2033,0.0,0.0,
RELAY_2033_148,RELAY_HUB,2033,0.0,0.0,
RELAY_2033_85,RELAY_HUB,2033,0.0,0.0,
RELAY_2033_100,RELAY_HUB,2033,0.0,0.0,
RELAY_2033_159,RELAY_HUB,2033,0.0,0.0,
RELAY_2033_73,RELAY_HUB,2033,0.0,0.0,
RELAY_2033_103,RELAY_HUB,2033,0.0,0.0,
RELAY_2033_86,RELAY_HUB,2033,0.0,0.0,
RELAY_2033_78,RELAY_HUB,2033,0.0,0.0,
RELAY_2033_95,RELAY_HUB,2033,0.0,0.0,
RELAY_2033_30,RELAY_HUB,2033,0.0,0.0,
RELAY_2033_20,RELAY_HUB,2033,0.0,0.0,
RELAY_2033_129,RELAY_HUB,2033,0.0,0.0,
RELAY_2033_160,RELAY_HUB,2033,0.0,0.0,
RELAY_2033_165,RELAY_HUB,2033,0.0,0.0,
RELAY_2033_34,RELAY_HUB,2033,0.0,0.0,
RELAY_2033_27,RELAY_HUB,2033,0.0,0.0,
RELAY_2033_114,RELAY_HUB,2033,0.0,0.0,
RELAY_2033_2,RELAY_HUB,2033,0.0,0.0,
RELAY_2033_146,RELAY_HUB,2033,0.0,0.0,
RELAY_2033_151,RELAY_HUB,2033,0.0,0.0,
RELAY_2033_82,RELAY_HUB,2033,0.0,0.0,
RELAY_2033_32,RELAY_HUB,2033,0.0,0.0,
RELAY_2033_5,RELAY_HUB,2033,0.0,0.0,
RELAY_2033_71,RELAY_HUB,2033,0.0,0.0,
RELAY_2033_8,RELAY_HUB,2033,0.0,0.0,
RELAY_2033_14,RELAY_HUB,2033,0.0,0.0,
RELAY_2033_33,RELAY_HUB,2033,0.0,0.0,
RELAY_2033_126,RELAY_HUB,2033,0.0,0.0,
RELAY_2033_138,RELAY_HUB,2033,0.0,0.0,
RELAY_2033_130,RELAY_HUB,2033,0.0,0.0,
RELAY_2033_133,RELAY_HUB,2033,0.0,0.0,
RELAY_2033_52,RELAY_HUB,2033,0.0,0.0,
RELAY_2033_128,RELAY_HUB,2033,0.0,0.0,
RELAY_2033_111,RELAY_HUB,2033,0.0,0.0,
RELAY_2033_115,RELAY_HUB,2033,0.0,0.0,
RELAY_2033_6,RELAY_HUB,2033,0.0,0.0,
RELAY_2033_39,RELAY_HUB,2033,0.0,0.0,
RELAY_2033_77,RELAY_HUB,2033,0.0,0.0,
RELAY_2033_63,RELAY_HUB,2033,0.0,0.0,
RELAY_2033_62,RELAY_HUB,2033,0.0,0.0,
RELAY_2033_147,RELAY_HUB,2033,0.0,0.0,
RELAY_2033_37,RELAY_HUB,2033,0.0,0.0,
RELAY_2033_80,RELAY_HUB,2033,0.0,0.0,
RELAY_2033_166,RELAY_HUB,2033,0.0,0.0,
RELAY_2033_137,RELAY_HUB,2033,0.0,0.0,
RELAY_2033_156,RELAY_HUB,2033,0.0,0.0,
RELAY_2033_136,RELAY_HUB,2033,0.0,0.0,
RELAY_2033_17,RELAY_HUB,2033,0.0,0.0,
RELAY_2033_161,RELAY_HUB,2033,0.0,0.0,
RELAY_2033_112,RELAY_HUB,2033,0.0,0.0,
RELAY_2033_150,RELAY_HUB,2033,0.0,0.0,
RELAY_2033_117,RELAY_HUB,2033,0.0,0.0,
RELAY_2033_143,RELAY_HUB,2033,0.0,0.0,
RELAY_2033_87,RELAY_HUB,2033,0.0,0.0,
RELAY_2033_66,RELAY_HUB,2033,0.0,0.0,
RELAY_2033_54,RELAY_HUB,2033,0.0,0.0,
RELAY_2033_25,RELAY_HUB,2033,0.0,0.0,
RELAY_2033_42,RELAY_HUB,2033,0.0,0.0,
RELAY_2033_109,RELAY_HUB,2033,0.0,0.0,
RELAY_2033_12,RELAY_HUB,2033,0.0,0.0,
RELAY_2033_122,RELAY_HUB,2033,0.0,0.0,
RELAY_2033_4,RELAY_HUB,2033,0.0,0.0,
RELAY_2033_7,RELAY_HUB,2033,0.0,0.0,
RELAY_2033_121,RELAY_HUB,2033,0.0,0.0,
RELAY_2033_83,RELAY_HUB,2033,0.0,0.0,
RELAY_2033_158,RELAY_HUB,2033,0.0,0.0,
RELAY_2033_19,RELAY_HUB,2033,0.0,0.0,
RELAY_2033_116,RELAY_HUB,2033,0.0,0.0,
RELAY_2033_131,RELAY_HUB,2033,0.0,0.0,
RELAY_2033_155,RELAY_HUB,2033,0.0,0.0,
RELAY_2033_72,RELAY_HUB,2033,0.0,0.0,
RELAY_2033_65,RELAY_HUB,2033,0.0,0.0,
RELAY_2033_140,RELAY_HUB,2033,0.0,0.0,
RELAY_2033_47,RELAY_HUB,2033,0.0,0.0,
RELAY_2033_163,RELAY_HUB,2033,0.0,0.0,
RELAY_2033_43,RELAY_HUB,2033,0.0,0.0,
RELAY_2033_97,RELAY_HUB,2033,0.0,0.0,
RELAY_2033_113,RELAY_HUB,2033,0.0,0.0,
RELAY_2033_58,RELAY_HUB,2033,0.0,0.0,
RELAY_2033_51,RELAY_HUB,2033,0.0,0.0,
RELAY_2033_154,RELAY_HUB,2033,0.0,0.0,
RELAY_2033_124,RELAY_HUB,2033,0.0,0.0,
RELAY_2033_120,RELAY_HUB,2033,0.0,0.0,
RELAY_2033_46,RELAY_HUB,2033,0.0,0.0,
RELAY_2033_152,RELAY_HUB,2033,0.0,0.0,
RELAY_2033_28,RELAY_HUB,2033,0.0,0.0,
RELAY_2033_70,RELAY_HUB,2033,0.0,0.0,
RELAY_2033_29,RELAY_HUB,2033,0.0,0.0,
RELAY_2033_76,RELAY_HUB,2033,0.0,0.0,
RELAY_2033_75,RELAY_HUB,2033,0.0,0.0,
RELAY_2033_23,RELAY_HUB,2033,0.0,0.0,
RELAY_2033_64,RELAY_HUB,2033,0.0,0.0,
RELAY_2033_84,RELAY_HUB,2033,0.0,0.0,
RELAY_2033_61,RELAY_HUB,2033,0.0,0.0,
RELAY_2033_10,RELAY_HUB,2033,0.0,0.0,
RELAY_2033_44,RELAY_HUB,2033,0.0,0.0,
RELAY_2033_105,RELAY_HUB,2033,0.0,0.0,
RELAY_2033_92,RELAY_HUB,2033,0.0,0.0,
RELAY_2033_153,RELAY_HUB,2033,0.0,0.0,
RELAY_2033_56,RELAY_HUB,2033,0.0,0.0,
RELAY_2033_127,RELAY_HUB,2033,0.0,0.0,
RELAY_2033_18,RELAY_HUB,2033,0.0,0.0,
RELAY_2033_48,RELAY_HUB,2033,0.0,0.0,
RELAY_2033_89,RELAY_HUB,2033,0.0,0.0,
RELAY_2033_98,RELAY_HUB,2033,0.0,0.0,
RELAY_2033_67,RELAY_HUB,2033,0.0,0.0,
RELAY_2033_24,RELAY_HUB,2033,0.0,0.0,
RELAY_2033_110,RELAY_HUB,2033,0.0,0.0,
RELAY_2033_93,RELAY_HUB,2033,0.0,0.0,
RELAY_2033_57,RELAY_HUB,2033,0.0,0.0,
RELAY_2033_132,RELAY_HUB,2033,0.0,0.0,
RELAY_2033_3,RELAY_HUB,2033,0.0,0.0,
RELAY_2034_49,RELAY_HUB,2034,0.0,0.0,
RELAY_2034_131,RELAY_HUB,2034,0.0,0.0,
RELAY_2034_60,RELAY_HUB,2034,0.0,0.0,
RELAY_2034_28,RELAY_HUB,2034,0.0,0.0,
RELAY_2034_89,RELAY_HUB,2034,0.0,0.0,
RELAY_2034_48,RELAY_HUB,2034,0.0,0.0,
RELAY_2034_44,RELAY_HUB,2034,0.0,0.0,
RELAY_2034_88,RELAY_HUB,2034,0.0,0.0,
RELAY_2034_139,RELAY_HUB,2034,0.0,0.0,
RELAY_2034_47,RELAY_HUB,2034,0.0,0.0,
RELAY_2034_107,RELAY_HUB,2034,0.0,0.0,
RELAY_2034_127,RELAY_HUB,2034,0.0,0.0,
RELAY_2034_86,RELAY_HUB,2034,0.0,0.0,
RELAY_2034_155,RELAY_HUB,2034,0.0,0.0,
RELAY_2034_124,RELAY_HUB,2034,0.0,0.0,
RELAY_2034_75,RELAY_HUB,2034,0.0,0.0,
RELAY_2034_38,RELAY_HUB,2034,0.0,0.0,
RELAY_2034_149,RELAY_HUB,2034,0.0,0.0,
RELAY_2034_150,RELAY_HUB,2034,0.0,0.0,
RELAY_2034_105,RELAY_HUB,2034,0.0,0.0,
RELAY_2034_142,RELAY_HUB,2034,0.0,0.0,
RELAY_2034_100,RELAY_HUB,2034,0.0,0.0,
RELAY_2034_144,RELAY_HUB,2034,0.0,0.0,
RELAY_2034_59,RELAY_HUB,2034,0.0,0.0,
RELAY_2034_25,RELAY_HUB,2034,0.0,0.0,
RELAY_2034_162,RELAY_HUB,2034,0.0,0.0,
RELAY_2034_31,RELAY_HUB,2034,0.0,0.0,
RELAY_2034_33,RELAY_HUB,2034,0.0,0.0,
RELAY_2034_72,RELAY_HUB,2034,0.0,0.0,
RELAY_2034_157,RELAY_HUB,2034,0.0,0.0,
RELAY_2034_130,RELAY_HUB,2034,0.0,0.0,
RELAY_2034_136,RELAY_HUB,2034,0.0,0.0,
RELAY_2034_71,RELAY_HUB,2034,0.0,0.0,
RELAY_2034_55,RELAY_HUB,2034,0.0,0.0,
RELAY_2034_12,RELAY_HUB,2034,0.0,0.0,
RELAY_2034_145,RELAY_HUB,2034,0.0,0.0,
RELAY_2034_80,RELAY_HUB,2034,0.0,0.0,
RELAY_2034_15,RELAY_HUB,2034,0.0,0.0,
RELAY_2034_153,RELAY_HUB,2034,0.0,0.0,
RELAY_2034_152,RELAY_HUB,2034,0.0,0.0,
RELAY_2034_117,RELAY_HUB,2034,0.0,0.0,
RELAY_2034_96,RELAY_HUB,2034,0.0,0.0,
RELAY_2034_103,RELAY_HUB,2034,0.0,0.0,
RELAY_2034_85,RELAY_HUB,2034,0.0,0.0,
RELAY_2034_119,RELAY_HUB,2034,0.0,0.0,
RELAY_2034_8,RELAY_HUB,2034,0.0,0.0,
RELAY_2034_128,RELAY_HUB,2034,0.0,0.0,
RELAY_2034_104,RELAY_HUB,2034,0.0,0.0,
RELAY_2034_109,RELAY_HUB,2034,0.0,0.0,
RELAY_2034_27,RELAY_HUB,2034,0.0,0.0,
RELAY_2034_1,RELAY_HUB,2034,0.0,0.0,
RELAY_2034_7,RELAY_HUB,2034,0.0,0.0,
RELAY_2034_53,RELAY_HUB,2034,0.0,0.0,
RELAY_2034_137,RELAY_HUB,2034,0.0,0.0,
RELAY_2034_41,RELAY_HUB,2034,0.0,0.0,
RELAY_2034_123,RELAY_HUB,2034,0.0,0.0,
RELAY_2034_21,RELAY_HUB,2034,0.0,0.0,
RELAY_2034_129,RELAY_HUB,2034,0.0,0.0,
RELAY_2034_164,RELAY_HUB,2034,0.0,0.0,
RELAY_2034_77,RELAY_HUB,2034,0.0,0.0,
RELAY_2034_52,RELAY_HUB,2034,0.0,0.0,
RELAY_2034_82,RELAY_HUB,2034,0.0,0.0,
RELAY_2034_11,RELAY_HUB,2034,0.0,0.0,
RELAY_2034_24,RELAY_HUB,2034,0.0,0.0,
RELAY_2034_36,RELAY_HUB,2034,0.0,0.0,
RELAY_2034_154,RELAY_HUB,2034,0.0,0.0,
RELAY_2034_94,RELAY_HUB,2034,0.0,0.0,
RELAY_2034_141,RELAY_HUB,2034,0.0,0.0,
RELAY_2034_115,RELAY_HUB,2034,0.0,0.0,
RELAY_2034_18,RELAY_HUB,2034,0.0,0.0,
RELAY_2034_22,RELAY_HUB,2034,0.0,0.0,
RELAY_2034_43,RELAY_HUB,2034,0.0,0.0,
RELAY_2034_54,RELAY_HUB,2034,0.0,0.0,
RELAY_2034_126,RELAY_HUB,2034,0.0,0.0,
RELAY_2034_140,RELAY_HUB,2034,0.0,0.0,
RELAY_2034_132,RELAY_HUB,2034,0.0,0.0,
RELAY_2034_161,RELAY_HUB,2034,0.0,0.0,
RELAY_2034_102,RELAY_HUB,2034,0.0,0.0,
RELAY_2034_134,RELAY_HUB,2034,0.0,0.0,
RELAY_2034_97,RELAY_HUB,2034,0.0,0.0,
RELAY_2034_26,RELAY_HUB,2034,0.0,0.0,
RELAY_2034_143,RELAY_HUB,2034,0.0,0.0,
RELAY_2034_148,RELAY_HUB,2034,0.0,0.0,
RELAY_2034_165,RELAY_HUB,2034,0.0,0.0,
RELAY_2034_20,RELAY_HUB,2034,0.0,0.0,
RELAY_2034_29,RELAY_HUB,2034,0.0,0.0,
RELAY_2034_19,RELAY_HUB,2034,0.0,0.0,
RELAY_2034_65,RELAY_HUB,2034,0.0,0.0,
RELAY_2034_61,RELAY_HUB,2034,0.0,0.0,
RELAY_2034_76,RELAY_HUB,2034,0.0,0.0,
RELAY_2034_101,RELAY_HUB,2034,0.0,0.0,
RELAY_2034_9,RELAY_HUB,2034,0.0,0.0,
RELAY_2034_66,RELAY_HUB,2034,0.0,0.0,
RELAY_2034_156,RELAY_HUB,2034,0.0,0.0,
RELAY_2034_34,RELAY_HUB,2034,0.0,0.0,
RELAY_2034_35,RELAY_HUB,2034,0.0,0.0,
RELAY_2034_4,RELAY_HUB,2034,0.0,0.0,
RELAY_2034_147,RELAY_HUB,2034,0.0,0.0,
RELAY_2034_110,RELAY_HUB,2034,0.0,0.0,
RELAY_2034_6,RELAY_HUB,2034,0.0,0.0,
RELAY_2034_73,RELAY_HUB,2034,0.0,0.0,
RELAY_2034_50,RELAY_HUB,2034,0.0,0.0,
RELAY_2034_10,RELAY_HUB,2034,0.0,0.0,
RELAY_2034_42,RELAY_HUB,2034,0.0,0.0,
RELAY_2034_112,RELAY_HUB,2034,0.0,0.0,
RELAY_2034_67,RELAY_HUB,2034,0.0,0.0,
RELAY_2034_83,RELAY_HUB,2034,0.0,0.0,
RELAY_2034_160,RELAY_HUB,2034,0.0,0.0,
RELAY_2034_106,RELAY_HUB,2034,0.0,0.0,
RELAY_2034_133,RELAY_HUB,2034,0.0,0.0,
RELAY_2034_39,RELAY_HUB,2034,0.0,0.0,
RELAY_2034_146,RELAY_HUB,2034,0.0,0.0,
RELAY_2034_23,RELAY_HUB,2034,0.0,0.0,
RELAY_2034_63,RELAY_HUB,2034,0.0,0.0,
RELAY_2034_138,RELAY_HUB,2034,0.0,0.0,
RELAY_2034_159,RELAY_HUB,2034,0.0,0.0,
RELAY_2034_5,RELAY_HUB,2034,0.0,0.0,
RELAY_2034_40,RELAY_HUB,2034,0.0,0.0,
RELAY_2034_99,RELAY_HUB,2034,0.0,0.0,
RELAY_2034_37,RELAY_HUB,2034,0.0,0.0,
RELAY_2034_158,RELAY_HUB,2034,0.0,0.0,
RELAY_2034_62,RELAY_HUB,2034,0.0,0.0,
RELAY_2034_57,RELAY_HUB,2034,0.0,0.0,
RELAY_2034_95,RELAY_HUB,2034,0.0,0.0,
RELAY_2034_45,RELAY_HUB,2034,0.0,0.0,
RELAY_2034_118,RELAY_HUB,2034,0.0,0.0,
RELAY_2034_122,RELAY_HUB,2034,0.0,0.0,
RELAY_2034_69,RELAY_HUB,2034,0.0,0.0,
RELAY_2034_78,RELAY_HUB,2034,0.0,0.0,
RELAY_2034_120,RELAY_HUB,2034,0.0,0.0,
RELAY_2034_163,RELAY_HUB,2034,0.0,0.0,
RELAY_2034_30,RELAY_HUB,2034,0.0,0.0,
RELAY_2034_14,RELAY_HUB,2034,0.0,0.0,
RELAY_2034_113,RELAY_HUB,2034,0.0,0.0,
RELAY_2034_46,RELAY_HUB,2034,0.0,0.0,
RELAY_2034_13,RELAY_HUB,2034,0.0,0.0,
RELAY_2034_114,RELAY_HUB,2034,0.0,0.0,
RELAY_2034_70,RELAY_HUB,2034,0.0,0.0,
RELAY_2034_81,RELAY_HUB,2034,0.0,0.0,
RELAY_2034_0,RELAY_HUB,2034,0.0,0.0,
RELAY_2034_74,RELAY_HUB,2034,0.0,0.0,
RELAY_2034_84,RELAY_HUB,2034,0.0,0.0,
RELAY_2034_87,RELAY_HUB,2034,0.0,0.0,
RELAY_2034_64,RELAY_HUB,2034,0.0,0.0,
RELAY_2034_16,RELAY_HUB,2034,0.0,0.0,
RELAY_2034_90,RELAY_HUB,2034,0.0,0.0,
RELAY_2034_56,RELAY_HUB,2034,0.0,0.0,
RELAY_2034_58,RELAY_HUB,2034,0.0,0.0,
RELAY_2034_3,RELAY_HUB,2034,0.0,0.0,
RELAY_2034_51,RELAY_HUB,2034,0.0,0.0,
RELAY_2034_135,RELAY_HUB,2034,0.0,0.0,
RELAY_2034_166,RELAY_HUB,2034,0.0,0.0,
RELAY_2034_111,RELAY_HUB,2034,0.0,0.0,
RELAY_2034_108,RELAY_HUB,2034,0.0,0.0,
RELAY_2034_116,RELAY_HUB,2034,0.0,0.0,
RELAY_2034_121,RELAY_HUB,2034,0.0,0.0,
RELAY_2034_151,RELAY_HUB,2034,0.0,0.0,
RELAY_2034_32,RELAY_HUB,2034,0.0,0.0,
RELAY_2034_68,RELAY_HUB,2034,0.0,0.0,
RELAY_2034_2,RELAY_HUB,2034,0.0,0.0,
RELAY_2034_92,RELAY_HUB,2034,0.0,0.0,
RELAY_2034_125,RELAY_HUB,2034,0.0,0.0,
RELAY_2034_98,RELAY_HUB,2034,0.0,0.0,
RELAY_2034_91,RELAY_HUB,2034,0.0,0.0,
RELAY_2034_17,RELAY_HUB,2034,0.0,0.0,
RELAY_2034_93,RELAY_HUB,2034,0.0,0.0,
RELAY_2034_79,RELAY_HUB,2034,0.0,0.0,
