year,node_id,node_type,service_class,pop_bracket,country,assigned_dc_id,route_id,service_mode,route_backed,n_relay_hubs,n_consol_hubs,route_drive_hr,total_hub_dwell_hr,travel_elapsed_hr,last_mile_hr,otd_hours,otd_bucket,purchase_prob,annual_potential_units,annual_realized_units
2030,METRO_BE_brussels,metro,METRO_1M+,1M+,BE,CAND_DE_koeln,CAND_DE_koeln__METRO_BE_brussels__DIRECT,DIRECT,True,0,1,2.192,2.0,4.192,4.0,8.192,0,1.0,1299.323819528849,1299.323819528849
2030,METRO_BE_antwerp,metro,METRO_1M+,1M+,BE,CAND_DE_koeln,CAND_DE_koeln__METRO_BE_antwerp__DIRECT,DIRECT,True,0,1,2.169,2.0,4.169,4.0,8.169,0,1.0,644.2108945032433,644.2108945032433
2030,METRO_BE_liege,metro,METRO_250K-1M,250K-1M,BE,CAND_DE_koeln,CAND_DE_koeln__METRO_BE_liege__DIRECT,DIRECT,True,0,1,1.233,2.0,3.233,2.0,5.2330000000000005,0,1.0,416.2593472174803,416.2593472174803
2030,METRO_BE_gent,metro,METRO_250K-1M,250K-1M,BE,CAND_DE_koeln,CAND_DE_koeln__METRO_BE_gent__DIRECT,DIRECT,True,0,1,2.72,2.0,4.72,2.0,6.72,0,1.0,290.3904493683851,290.3904493683851
2030,METRO_BE_charleroi,metro,METRO_250K-1M,250K-1M,BE,CAND_DE_koeln,CAND_DE_koeln__METRO_BE_charleroi__DIRECT,DIRECT,True,0,1,2.23,2.0,4.23,2.0,6.23,0,1.0,252.7288893820416,252.7288893820416
2030,METRO_DE_berlin,metro,METRO_1M+,1M+,DE,CAND_PL_lodz,CAND_PL_lodz__METRO_DE_berlin__VIA_RELAY,VIA_RELAY,True,1,1,5.103,3.0,8.103,4.0,12.103,0,1.0,2078.8280147718274,2078.8280147718274
2030,METRO_DE_hamburg,metro,METRO_1M+,1M+,DE,CAND_DE_koeln,CAND_DE_koeln__METRO_DE_hamburg__VIA_RELAY,VIA_RELAY,True,1,1,5.239,3.0,8.239,4.0,12.239,0,1.0,1035.564325877077,1035.564325877077
2030,METRO_DE_munich,metro,METRO_1M+,1M+,DE,CAND_DE_koeln,CAND_DE_koeln__METRO_DE_munich__VIA_RELAY,VIA_RELAY,True,1,1,5.472,3.0,8.472,4.0,12.472,0,1.0,933.547765892904,933.547765892904
2030,METRO_DE_koeln,metro,METRO_UNKNOWN,,DE,CAND_DE_koeln,SELF::CAND_DE_koeln,DC_LOCAL,True,0,1,0.0,0.0,0.0,1.0,1.0,0,1.0,563.01592066737,563.01592066737
2030,METRO_DE_frankfurt_am_main,metro,METRO_250K-1M,250K-1M,DE,CAND_DE_koeln,CAND_DE_koeln__METRO_DE_frankfurt_am_main__DIRECT,DIRECT,True,0,1,1.832,2.0,3.832,2.0,5.832,0,1.0,411.91592144552874,411.91592144552874
2030,METRO_DE_duesseldorf,metro,METRO_250K-1M,250K-1M,DE,CAND_DE_koeln,CAND_DE_koeln__METRO_DE_duesseldorf__DIRECT,DIRECT,True,0,1,0.411,2.0,2.411,2.0,4.411,0,1.0,375.34394711157995,375.34394711157995
2030,METRO_DE_stuttgart,metro,METRO_250K-1M,250K-1M,DE,CAND_DE_koeln,CAND_DE_koeln__METRO_DE_stuttgart__DIRECT,DIRECT,True,0,1,3.45,2.0,5.45,2.0,7.45,0,1.0,369.56942484832484,369.56942484832484
2030,METRO_DE_leipzig,metro,METRO_250K-1M,250K-1M,DE,CAND_DE_koeln,CAND_DE_koeln__METRO_DE_leipzig__VIA_RELAY,VIA_RELAY,True,1,1,4.59,3.0,7.59,2.0,9.59,0,1.0,357.05795994460556,357.05795994460556
2030,METRO_DE_dresden,metro,METRO_250K-1M,250K-1M,DE,CAND_PL_lodz,CAND_PL_lodz__METRO_DE_dresden__VIA_RELAY,VIA_RELAY,True,1,1,4.868,3.0,7.868,2.0,9.868,0,1.0,348.3961765497229,348.3961765497229
2030,METRO_DE_dortmund,metro,METRO_250K-1M,250K-1M,DE,CAND_DE_koeln,CAND_DE_koeln__METRO_DE_dortmund__DIRECT,DIRECT,True,0,1,0.888,2.0,2.888,2.0,4.888,0,1.0,342.62165428646784,342.62165428646784
2030,METRO_DE_essen,metro,METRO_250K-1M,250K-1M,DE,CAND_DE_koeln,CAND_DE_koeln__METRO_DE_essen__DIRECT,DIRECT,True,0,1,0.7,2.0,2.7,2.0,4.7,0,1.0,335.8847116460036,335.8847116460036
2030,METRO_DE_bremen,metro,METRO_250K-1M,250K-1M,DE,CAND_DE_koeln,CAND_DE_koeln__METRO_DE_bremen__DIRECT,DIRECT,True,0,1,3.24,2.0,5.24,2.0,7.24,0,1.0,330.1101893827485,330.1101893827485
2030,METRO_DE_hannover,metro,METRO_250K-1M,250K-1M,DE,CAND_DE_koeln,CAND_DE_koeln__METRO_DE_hannover__DIRECT,DIRECT,True,0,1,2.997,2.0,4.997,2.0,6.997,0,1.0,312.78662259298324,312.78662259298324
2030,METRO_DE_duisburg,metro,METRO_250K-1M,250K-1M,DE,CAND_DE_koeln,CAND_DE_koeln__METRO_DE_duisburg__DIRECT,DIRECT,True,0,1,0.684,2.0,2.684,2.0,4.684,0,1.0,309.89936146135574,309.89936146135574
2030,METRO_DE_nuernberg,metro,METRO_250K-1M,250K-1M,DE,CAND_DE_koeln,CAND_DE_koeln__METRO_DE_nuernberg__VIA_RELAY,VIA_RELAY,True,1,1,4.04,3.0,7.04,2.0,9.04,0,1.0,302.1999984436823,302.1999984436823
2030,METRO_DE_wandsbek,metro,METRO_250K-1M,250K-1M,DE,CAND_DE_koeln,CAND_DE_koeln__METRO_DE_wandsbek__VIA_RELAY,VIA_RELAY,True,1,1,5.257,3.0,8.257,2.0,10.257,0,1.0,241.56751467950403,241.56751467950403
2030,METRO_DE_bochum,metro,METRO_250K-1M,250K-1M,DE,CAND_DE_koeln,CAND_DE_koeln__METRO_DE_bochum__DIRECT,DIRECT,True,0,1,0.765,2.0,2.765,2.0,4.765000000000001,0,1.0,223.2815275125296,223.2815275125296
2030,METRO_DE_bochum_hordel,metro,METRO_250K-1M,250K-1M,DE,CAND_DE_koeln,CAND_DE_koeln__METRO_DE_bochum_hordel__DIRECT,DIRECT,True,0,1,0.782,2.0,2.782,2.0,4.782,0,1.0,221.35668675811124,221.35668675811124
2030,METRO_DE_mannheim,metro,METRO_250K-1M,250K-1M,DE,CAND_DE_koeln,CAND_DE_koeln__METRO_DE_mannheim__DIRECT,DIRECT,True,0,1,2.322,2.0,4.322,2.0,6.322,0,1.0,204.99554034555518,204.99554034555518
2030,METRO_DE_wuppertal,metro,METRO_250K-1M,250K-1M,DE,CAND_DE_koeln,CAND_DE_koeln__METRO_DE_wuppertal__DIRECT,DIRECT,True,0,1,0.462,2.0,2.462,2.0,4.462,0,1.0,201.1458588367185,201.1458588367185
2030,METRO_DE_bielefeld,metro,METRO_250K-1M,250K-1M,DE,CAND_DE_koeln,CAND_DE_koeln__METRO_DE_bielefeld__DIRECT,DIRECT,True,0,1,1.971,2.0,3.971,2.0,5.971,0,1.0,194.4089161962542,194.4089161962542
2030,METRO_DE_karlsruhe,metro,METRO_250K-1M,250K-1M,DE,CAND_DE_koeln,CAND_DE_koeln__METRO_DE_karlsruhe__DIRECT,DIRECT,True,0,1,2.854,2.0,4.854,2.0,6.854,0,1.0,188.63439393299916,188.63439393299916
2030,METRO_DE_bonn,metro,METRO_250K-1M,250K-1M,DE,CAND_DE_koeln,CAND_DE_koeln__METRO_DE_bonn__DIRECT,DIRECT,True,0,1,0.292,2.0,2.292,2.0,4.292,0,1.0,185.74713280137163,185.74713280137163
2030,METRO_DE_marienthal,metro,METRO_250K-1M,250K-1M,DE,CAND_DE_koeln,CAND_DE_koeln__METRO_DE_marienthal__VIA_RELAY,VIA_RELAY,True,1,1,5.235,3.0,8.235,2.0,10.235,0,1.0,169.38598638881555,169.38598638881555
2030,METRO_DE_hamburg_nord,metro,METRO_250K-1M,250K-1M,DE,CAND_DE_koeln,CAND_DE_koeln__METRO_DE_hamburg_nord__VIA_RELAY,VIA_RELAY,True,1,1,5.254,3.0,8.254,2.0,10.254,0,1.0,170.34840676602477,170.34840676602477
2030,METRO_DE_wiesbaden,metro,METRO_250K-1M,250K-1M,DE,CAND_DE_koeln,CAND_DE_koeln__METRO_DE_wiesbaden__DIRECT,DIRECT,True,0,1,1.582,2.0,3.582,2.0,5.582,0,1.0,161.68662337114213,161.68662337114213
2030,METRO_DE_muenster,metro,METRO_250K-1M,250K-1M,DE,CAND_DE_koeln,CAND_DE_koeln__METRO_DE_muenster__DIRECT,DIRECT,True,0,1,1.484,2.0,3.484,2.0,5.484,0,1.0,167.4611456343972,167.4611456343972
2030,METRO_DE_gelsenkirchen,metro,METRO_250K-1M,250K-1M,DE,CAND_DE_koeln,CAND_DE_koeln__METRO_DE_gelsenkirchen__DIRECT,DIRECT,True,0,1,0.773,2.0,2.773,2.0,4.773,0,1.0,156.87452148509624,156.87452148509624
2030,METRO_DE_aachen,metro,METRO_250K-1M,250K-1M,DE,CAND_DE_koeln,CAND_DE_koeln__METRO_DE_aachen__DIRECT,DIRECT,True,0,1,0.759,2.0,2.759,2.0,4.759,0,1.0,159.7617826167238,159.7617826167238
2030,METRO_DE_moenchengladbach,metro,METRO_250K-1M,250K-1M,DE,CAND_DE_koeln,CAND_DE_koeln__METRO_DE_moenchengladbach__DIRECT,DIRECT,True,0,1,0.543,2.0,2.543,2.0,4.543,0,1.0,153.9872603534687,153.9872603534687
2030,METRO_DE_augsburg,metro,METRO_250K-1M,250K-1M,DE,CAND_DE_koeln,CAND_DE_koeln__METRO_DE_augsburg__VIA_RELAY,VIA_RELAY,True,1,1,4.828,3.0,7.828,2.0,9.828,0,1.0,159.7617826167238,159.7617826167238
2030,METRO_DE_eimsbuettel,metro,METRO_250K-1M,250K-1M,DE,CAND_DE_koeln,CAND_DE_koeln__METRO_DE_eimsbuettel__VIA_RELAY,VIA_RELAY,True,1,1,5.231,3.0,8.231,2.0,10.231,0,1.0,148.2127380902136,148.2127380902136
2030,METRO_DE_altona,metro,METRO_250K-1M,250K-1M,DE,CAND_DE_koeln,CAND_DE_koeln__METRO_DE_altona__VIA_RELAY,VIA_RELAY,True,1,1,5.197,3.0,8.197,2.0,10.197,0,1.0,145.32547695858608,145.32547695858608
2030,METRO_DE_chemnitz,metro,METRO_<250K,<250K,DE,CAND_DE_koeln,CAND_DE_koeln__METRO_DE_chemnitz__VIA_RELAY,VIA_RELAY,True,1,1,5.034,3.0,8.034,1.0,9.034,0,1.0,148.2127380902136,148.2127380902136
2030,METRO_DE_braunschweig,metro,METRO_<250K,<250K,DE,CAND_DE_koeln,CAND_DE_koeln__METRO_DE_braunschweig__DIRECT,DIRECT,True,0,1,3.456,2.0,5.456,1.0,6.456,0,1.0,146.28789733579526,146.28789733579526
2030,METRO_DE_krefeld,metro,METRO_<250K,<250K,DE,CAND_DE_koeln,CAND_DE_koeln__METRO_DE_krefeld__DIRECT,DIRECT,True,0,1,0.632,2.0,2.632,1.0,3.632,0,1.0,139.550954695331,139.550954695331
2030,METRO_DE_halle_saale,metro,METRO_<250K,<250K,DE,CAND_DE_koeln,CAND_DE_koeln__METRO_DE_halle_saale__VIA_RELAY,VIA_RELAY,True,1,1,4.267,3.0,7.267,1.0,8.267,0,1.0,139.550954695331,139.550954695331
2030,METRO_DE_hamburg_mitte,metro,METRO_<250K,<250K,DE,CAND_DE_koeln,CAND_DE_koeln__METRO_DE_hamburg_mitte__VIA_RELAY,VIA_RELAY,True,1,1,5.205,3.0,8.205,1.0,9.205,0,1.0,140.51337507254019,140.51337507254019
2030,METRO_DE_kiel,metro,METRO_<250K,<250K,DE,CAND_DE_koeln,CAND_DE_koeln__METRO_DE_kiel__VIA_HUB_CORRIDOR,VIA_HUB_CORRIDOR,True,0,2,5.205,4.0,9.205,1.0,10.205,0,1.0,140.51337507254019,140.51337507254019
2030,METRO_DE_magdeburg,metro,METRO_<250K,<250K,DE,CAND_DE_koeln,CAND_DE_koeln__METRO_DE_magdeburg__VIA_RELAY,VIA_RELAY,True,1,1,4.241,3.0,7.241,1.0,8.241,0,1.0,136.66369356370348,136.66369356370348
2030,METRO_DE_neue_neustadt,metro,METRO_<250K,<250K,DE,CAND_DE_koeln,CAND_DE_koeln__METRO_DE_neue_neustadt__VIA_RELAY,VIA_RELAY,True,1,1,4.211,3.0,7.211,1.0,8.211,0,1.0,131.85159167765755,131.85159167765755
2030,METRO_DE_oberhausen,metro,METRO_<250K,<250K,DE,CAND_DE_koeln,CAND_DE_koeln__METRO_DE_oberhausen__DIRECT,DIRECT,True,0,1,0.731,2.0,2.731,1.0,3.731,0,1.0,127.03948979161167,127.03948979161167
2030,METRO_DE_freiburg,metro,METRO_<250K,<250K,DE,CAND_DE_koeln,CAND_DE_koeln__METRO_DE_freiburg__DIRECT,DIRECT,True,0,1,3.997,2.0,5.997,1.0,6.997,0,1.0,134.7388528092851,134.7388528092851
2030,METRO_DE_luebeck,metro,METRO_<250K,<250K,DE,CAND_DE_koeln,CAND_DE_koeln__METRO_DE_luebeck__VIA_RELAY,VIA_RELAY,True,1,1,5.735,3.0,8.735,1.0,9.735,0,1.0,126.07706941440249,126.07706941440249
2030,METRO_DE_erfurt,metro,METRO_<250K,<250K,DE,CAND_DE_koeln,CAND_DE_koeln__METRO_DE_erfurt__DIRECT,DIRECT,True,0,1,3.432,2.0,5.432,1.0,6.432,0,1.0,123.18980828277496,123.18980828277496
2030,METRO_DE_harburg,metro,METRO_<250K,<250K,DE,CAND_DE_koeln,CAND_DE_koeln__METRO_DE_harburg__VIA_RELAY,VIA_RELAY,True,1,1,5.084,3.0,8.084,1.0,9.084,0,1.0,128.00191016882087,128.00191016882087
2030,METRO_DE_hagen,metro,METRO_<250K,<250K,DE,CAND_DE_koeln,CAND_DE_koeln__METRO_DE_hagen__DIRECT,DIRECT,True,0,1,0.718,2.0,2.718,1.0,3.718,0,1.0,115.49044526510151,115.49044526510151
2030,METRO_DE_rostock,metro,METRO_<250K,<250K,DE,CAND_PL_lodz,CAND_PL_lodz__METRO_DE_rostock__VIA_RELAY,VIA_RELAY,True,1,1,6.656,3.0,9.656,1.0,10.656,0,1.0,117.41528601951987,117.41528601951987
2030,METRO_DE_kassel,metro,METRO_<250K,<250K,DE,CAND_DE_koeln,CAND_DE_koeln__METRO_DE_kassel__DIRECT,DIRECT,True,0,1,2.196,2.0,4.196,1.0,5.196,0,1.0,116.4528656423107,116.4528656423107
2030,METRO_DE_hamm,metro,METRO_<250K,<250K,DE,CAND_DE_koeln,CAND_DE_koeln__METRO_DE_hamm__DIRECT,DIRECT,True,0,1,1.233,2.0,3.233,1.0,4.2330000000000005,0,1.0,108.75350262463726,108.75350262463726
2030,METRO_DE_mainz,metro,METRO_<250K,<250K,DE,CAND_DE_koeln,CAND_DE_koeln__METRO_DE_mainz__DIRECT,DIRECT,True,0,1,1.697,2.0,3.697,1.0,4.697,0,1.0,111.6407637562648,111.6407637562648
2030,METRO_DE_saarbruecken,metro,METRO_<250K,<250K,DE,CAND_DE_koeln,CAND_DE_koeln__METRO_DE_saarbruecken__DIRECT,DIRECT,True,0,1,2.27,2.0,4.27,1.0,5.27,0,1.0,105.86624149300974,105.86624149300974
2030,METRO_DE_herne,metro,METRO_<250K,<250K,DE,CAND_DE_koeln,CAND_DE_koeln__METRO_DE_herne__DIRECT,DIRECT,True,0,1,0.84,2.0,2.84,1.0,3.84,0,1.0,100.09171922975464,100.09171922975464
2030,METRO_DE_muelheim,metro,METRO_<250K,<250K,DE,CAND_DE_koeln,CAND_DE_koeln__METRO_DE_muelheim__DIRECT,DIRECT,True,0,1,0.668,2.0,2.668,1.0,3.668,0,1.0,100.09171922975464,100.09171922975464
2030,METRO_DE_neukoelln,metro,METRO_<250K,<250K,DE,CAND_PL_lodz,CAND_PL_lodz__METRO_DE_neukoelln__VIA_RELAY,VIA_RELAY,True,1,1,5.038,3.0,8.038,1.0,9.038,0,1.0,96.24203772091793,96.24203772091793
2030,METRO_DE_osnabrueck,metro,METRO_<250K,<250K,DE,CAND_DE_koeln,CAND_DE_koeln__METRO_DE_osnabrueck__DIRECT,DIRECT,True,0,1,2.006,2.0,4.006,1.0,5.006,0,1.0,102.01655998417301,102.01655998417301
2030,METRO_DE_solingen,metro,METRO_<250K,<250K,DE,CAND_DE_koeln,CAND_DE_koeln__METRO_DE_solingen__DIRECT,DIRECT,True,0,1,0.34,2.0,2.34,1.0,3.34,0,1.0,97.2044580981271,97.2044580981271
2030,METRO_NL_amsterdam,metro,METRO_1M+,1M+,NL,CAND_DE_koeln,CAND_DE_koeln__METRO_NL_amsterdam__DIRECT,DIRECT,True,0,1,2.57,2.0,4.57,4.0,8.57,0,1.0,757.7114427769985,757.7114427769985
2030,METRO_NL_rotterdam,metro,METRO_1M+,1M+,NL,CAND_DE_koeln,CAND_DE_koeln__METRO_NL_rotterdam__DIRECT,DIRECT,True,0,1,2.443,2.0,4.443,4.0,8.443,0,1.0,650.3517833099579,650.3517833099579
2030,METRO_NL_the_hague,metro,METRO_250K-1M,250K-1M,NL,CAND_DE_koeln,CAND_DE_koeln__METRO_NL_the_hague__DIRECT,DIRECT,True,0,1,2.679,2.0,4.679,2.0,6.679,0,1.0,462.47237924263675,462.47237924263675
2030,METRO_NL_utrecht,metro,METRO_250K-1M,250K-1M,NL,CAND_DE_koeln,CAND_DE_koeln__METRO_NL_utrecht__DIRECT,DIRECT,True,0,1,2.165,2.0,4.165,2.0,6.165,0,1.0,369.5649816269285,369.5649816269285
2030,METRO_NL_eindhoven,metro,METRO_250K-1M,250K-1M,NL,CAND_DE_koeln,CAND_DE_koeln__METRO_NL_eindhoven__DIRECT,DIRECT,True,0,1,1.405,2.0,3.405,2.0,5.404999999999999,0,1.0,238.46232054698459,238.46232054698459
2030,METRO_NL_tilburg,metro,METRO_<250K,<250K,NL,CAND_DE_koeln,CAND_DE_koeln__METRO_NL_tilburg__DIRECT,DIRECT,True,0,1,1.761,2.0,3.761,1.0,4.761,0,1.0,128.00574782608695,128.00574782608695
2030,METRO_NL_groningen,metro,METRO_<250K,<250K,NL,CAND_DE_koeln,CAND_DE_koeln__METRO_NL_groningen__DIRECT,DIRECT,True,0,1,3.066,2.0,5.066,1.0,6.066,0,1.0,116.6503992286115,116.6503992286115
2030,METRO_NL_almere_stad,metro,METRO_<250K,<250K,NL,CAND_DE_koeln,CAND_DE_koeln__METRO_NL_almere_stad__DIRECT,DIRECT,True,0,1,2.396,2.0,4.396,1.0,5.396,0,1.0,114.58579039270687,114.58579039270687
2030,METRO_NL_breda,metro,METRO_<250K,<250K,NL,CAND_DE_koeln,CAND_DE_koeln__METRO_NL_breda__DIRECT,DIRECT,True,0,1,2.014,2.0,4.014,1.0,5.014,0,1.0,106.32735504908835,106.32735504908835
2030,METRO_DK_copenhagen,metro,METRO_1M+,1M+,DK,CAND_PL_lodz,CAND_PL_lodz__METRO_DK_copenhagen__VIA_RELAY,VIA_RELAY,True,1,1,7.537,3.0,10.537,4.0,14.537,0,1.0,788.5667987152034,788.5667987152034
2030,METRO_DK_arhus,metro,METRO_<250K,<250K,DK,CAND_DE_koeln,CAND_DE_koeln__METRO_DK_arhus__VIA_RELAY,VIA_RELAY,True,1,1,7.432,3.0,10.432,1.0,11.432,0,1.0,137.8752012847966,137.8752012847966
2030,METRO_EE_tallinn,metro,METRO_250K-1M,250K-1M,EE,CAND_PL_lodz,CAND_PL_lodz__METRO_EE_tallinn__VIA_RELAY,VIA_RELAY,True,1,1,10.971,3.0,13.971,2.0,15.971,0,1.0,255.84295,255.84295
2030,METRO_FI_helsinki,metro,METRO_1M+,1M+,FI,CAND_PL_lodz,CAND_PL_lodz__METRO_FI_helsinki__VIA_RELAY,VIA_RELAY,True,1,1,11.92,3.0,14.92,4.0,18.92,0,1.0,710.7666268768768,710.7666268768768
2030,METRO_FI_tampere,metro,METRO_250K-1M,250K-1M,FI,CAND_PL_lodz,CAND_PL_lodz__METRO_FI_tampere__VIA_RELAY,VIA_RELAY,True,1,2,13.724,5.0,18.724,2.0,20.724,0,1.0,182.7950724474474,182.7950724474474
2030,METRO_FI_espoo,metro,METRO_250K-1M,250K-1M,FI,CAND_PL_lodz,CAND_PL_lodz__METRO_FI_espoo__VIA_RELAY,VIA_RELAY,True,1,1,11.908,3.0,14.908,2.0,16.908,0,1.0,143.82353415915915,143.82353415915915
2030,METRO_FI_vantaa,metro,METRO_<250K,<250K,FI,CAND_PL_lodz,CAND_PL_lodz__METRO_FI_vantaa__VIA_RELAY,VIA_RELAY,True,1,1,12.1,3.0,15.1,1.0,16.1,0,1.0,102.99620833333331,102.99620833333331
2030,METRO_FI_turku,metro,METRO_<250K,<250K,FI,CAND_PL_lodz,CAND_PL_lodz__METRO_FI_turku__VIA_RELAY,VIA_RELAY,True,1,1,12.275,3.0,15.275,1.0,16.275,0,1.0,95.57305818318318,95.57305818318318
2030,METRO_LV_riga,metro,METRO_250K-1M,250K-1M,LV,CAND_PL_lodz,CAND_PL_lodz__METRO_LV_riga__VIA_RELAY,VIA_RELAY,True,1,1,8.161,3.0,11.161,2.0,13.161,0,1.0,336.73475,336.73475
2030,METRO_LT_vilnius,metro,METRO_250K-1M,250K-1M,LT,CAND_PL_lodz,CAND_PL_lodz__METRO_LT_vilnius__VIA_HUB_CORRIDOR,VIA_HUB_CORRIDOR,True,0,2,6.168,4.0,10.168,2.0,12.168,0,1.0,281.0658062903226,281.0658062903226
2030,METRO_LT_kaunas,metro,METRO_250K-1M,250K-1M,LT,CAND_PL_lodz,CAND_PL_lodz__METRO_LT_kaunas__VIA_RELAY,VIA_RELAY,True,1,1,5.855,3.0,8.855,2.0,10.855,0,1.0,199.67974790322583,199.67974790322583
2030,METRO_LT_klaipeda,metro,METRO_<250K,<250K,LT,CAND_PL_lodz,CAND_PL_lodz__METRO_LT_klaipeda__VIA_RELAY,VIA_RELAY,True,1,1,5.417,3.0,8.417,1.0,9.417,0,1.0,105.99114580645161,105.99114580645161
2030,METRO_NO_oslo,metro,METRO_1M+,1M+,NO,CAND_DE_koeln,CAND_DE_koeln__METRO_NO_oslo__VIA_RELAY,VIA_RELAY,True,1,1,12.322,3.0,15.322,4.0,19.322,0,1.0,595.3521211340206,595.3521211340206
2030,METRO_NO_bergen,metro,METRO_<250K,<250K,NO,CAND_DE_koeln,,BASELINE_FALLBACK,False,0,0,25.68062321,0.0,25.68062321,1.0,26.68062321,1,0.95,109.98107886597938,104.48202492268041
2030,METRO_PL_warsaw,metro,METRO_1M+,1M+,PL,CAND_PL_lodz,CAND_PL_lodz__METRO_PL_warsaw__DIRECT,DIRECT,True,0,1,1.404,2.0,3.404,4.0,7.404,0,1.0,1022.8828420894927,1022.8828420894927
2030,METRO_PL_krakow,metro,METRO_250K-1M,250K-1M,PL,CAND_PL_lodz,CAND_PL_lodz__METRO_PL_krakow__DIRECT,DIRECT,True,0,1,2.314,2.0,4.314,2.0,6.314,0,1.0,437.0499416200559,437.0499416200559
2030,METRO_PL_lodz,metro,METRO_UNKNOWN,,PL,CAND_PL_lodz,SELF::CAND_PL_lodz,DC_LOCAL,True,0,1,0.0,0.0,0.0,1.0,1.0,0,1.0,354.3927422592889,354.3927422592889
2030,METRO_PL_wroclaw,metro,METRO_250K-1M,250K-1M,PL,CAND_PL_lodz,CAND_PL_lodz__METRO_PL_wroclaw__DIRECT,DIRECT,True,0,1,2.218,2.0,4.218,2.0,6.218,0,1.0,364.72489217938477,364.72489217938477
2030,METRO_PL_poznan,metro,METRO_250K-1M,250K-1M,PL,CAND_PL_lodz,CAND_PL_lodz__METRO_PL_poznan__DIRECT,DIRECT,True,0,1,2.252,2.0,4.252,2.0,6.252,0,1.0,287.23376777866565,287.23376777866565
2030,METRO_PL_gdansk,metro,METRO_250K-1M,250K-1M,PL,CAND_PL_lodz,CAND_PL_lodz__METRO_PL_gdansk__DIRECT,DIRECT,True,0,1,3.508,2.0,5.508,2.0,7.508,0,1.0,264.50303795445467,264.50303795445467
2030,METRO_PL_szczecin,metro,METRO_250K-1M,250K-1M,PL,CAND_PL_lodz,CAND_PL_lodz__METRO_PL_szczecin__VIA_RELAY,VIA_RELAY,True,1,1,4.559,3.0,7.559,2.0,9.559000000000001,0,1.0,223.17443827407112,223.17443827407112
2030,METRO_PL_bydgoszcz,metro,METRO_250K-1M,250K-1M,PL,CAND_PL_lodz,CAND_PL_lodz__METRO_PL_bydgoszcz__DIRECT,DIRECT,True,0,1,2.163,2.0,4.163,2.0,6.163,0,1.0,188.04512854574511,188.04512854574511
2030,METRO_PL_lublin,metro,METRO_250K-1M,250K-1M,PL,CAND_PL_lodz,CAND_PL_lodz__METRO_PL_lublin__DIRECT,DIRECT,True,0,1,2.66,2.0,4.66,2.0,6.66,0,1.0,181.84583859368757,181.84583859368757
2030,METRO_PL_katowice,metro,METRO_250K-1M,250K-1M,PL,CAND_PL_lodz,CAND_PL_lodz__METRO_PL_katowice__DIRECT,DIRECT,True,0,1,2.052,2.0,4.052,2.0,6.052,0,1.0,175.64654864163006,175.64654864163006
2030,METRO_PL_bialystok,metro,METRO_250K-1M,250K-1M,PL,CAND_PL_lodz,CAND_PL_lodz__METRO_PL_bialystok__DIRECT,DIRECT,True,0,1,3.508,2.0,5.508,2.0,7.508,0,1.0,166.34761371354375,166.34761371354375
2030,METRO_PL_gdynia,metro,METRO_250K-1M,250K-1M,PL,CAND_PL_lodz,CAND_PL_lodz__METRO_PL_gdynia__DIRECT,DIRECT,True,0,1,3.744,2.0,5.744,2.0,7.744,0,1.0,143.61688388933283,143.61688388933283
2030,METRO_PL_czestochowa,metro,METRO_<250K,<250K,PL,CAND_PL_lodz,CAND_PL_lodz__METRO_PL_czestochowa__DIRECT,DIRECT,True,0,1,1.332,2.0,3.332,1.0,4.332,0,1.0,136.3843789452657,136.3843789452657
2030,METRO_PL_sosnowiec,metro,METRO_<250K,<250K,PL,CAND_PL_lodz,CAND_PL_lodz__METRO_PL_sosnowiec__DIRECT,DIRECT,True,0,1,2.004,2.0,4.004,1.0,5.004,0,1.0,125.0190140331602,125.0190140331602
2030,METRO_PL_radom,metro,METRO_<250K,<250K,PL,CAND_PL_lodz,CAND_PL_lodz__METRO_PL_radom__DIRECT,DIRECT,True,0,1,1.472,2.0,3.472,1.0,4.4719999999999995,0,1.0,126.05222902516981,126.05222902516981
2030,METRO_PL_mokotow,metro,METRO_<250K,<250K,PL,CAND_PL_lodz,CAND_PL_lodz__METRO_PL_mokotow__DIRECT,DIRECT,True,0,1,1.401,2.0,3.401,1.0,4.401,0,1.0,119.85293907311227,119.85293907311227
2030,METRO_PL_torun,metro,METRO_<250K,<250K,PL,CAND_PL_lodz,CAND_PL_lodz__METRO_PL_torun__DIRECT,DIRECT,True,0,1,1.805,2.0,3.805,1.0,4.805,0,1.0,117.7865090890931,117.7865090890931
2030,METRO_PL_kielce,metro,METRO_<250K,<250K,PL,CAND_PL_lodz,CAND_PL_lodz__METRO_PL_kielce__DIRECT,DIRECT,True,0,1,1.539,2.0,3.539,1.0,4.539,0,1.0,116.7532940970835,116.7532940970835
2030,METRO_PL_gliwice,metro,METRO_<250K,<250K,PL,CAND_PL_lodz,CAND_PL_lodz__METRO_PL_gliwice__DIRECT,DIRECT,True,0,1,2.076,2.0,4.076,1.0,5.076,0,1.0,109.5207891530164,109.5207891530164
2030,METRO_PL_zabrze,metro,METRO_<250K,<250K,PL,CAND_PL_lodz,CAND_PL_lodz__METRO_PL_zabrze__DIRECT,DIRECT,True,0,1,2.014,2.0,4.014,1.0,5.014,0,1.0,106.42114417698762,106.42114417698762
2030,METRO_PL_bytom,metro,METRO_<250K,<250K,PL,CAND_PL_lodz,CAND_PL_lodz__METRO_PL_bytom__DIRECT,DIRECT,True,0,1,1.952,2.0,3.952,1.0,4.952,0,1.0,103.32149920095885,103.32149920095885
2030,METRO_PL_praga_poludnie,metro,METRO_<250K,<250K,PL,CAND_PL_lodz,CAND_PL_lodz__METRO_PL_praga_poludnie__DIRECT,DIRECT,True,0,1,1.467,2.0,3.467,1.0,4.4670000000000005,0,1.0,105.38792918497803,105.38792918497803
2030,METRO_PL_bielsko_biala,metro,METRO_<250K,<250K,PL,CAND_PL_lodz,CAND_PL_lodz__METRO_PL_bielsko_biala__DIRECT,DIRECT,True,0,1,2.624,2.0,4.624,1.0,5.624,0,1.0,99.1886392329205,99.1886392329205
2030,METRO_PL_olsztyn,metro,METRO_<250K,<250K,PL,CAND_PL_lodz,CAND_PL_lodz__METRO_PL_olsztyn__DIRECT,DIRECT,True,0,1,2.805,2.0,4.805,1.0,5.805,0,1.0,97.12220924890133,97.12220924890133
2030,METRO_SE_stockholm,metro,METRO_1M+,1M+,SE,CAND_PL_lodz,CAND_PL_lodz__METRO_SE_stockholm__VIA_RELAY,VIA_RELAY,True,1,1,10.317,3.0,13.317,4.0,17.317,0,1.0,936.1985698852773,936.1985698852773
2030,METRO_SE_gothenburg,metro,METRO_250K-1M,250K-1M,SE,CAND_PL_lodz,CAND_PL_lodz__METRO_SE_gothenburg__VIA_RELAY,VIA_RELAY,True,1,1,9.815,3.0,12.815,2.0,14.815,0,1.0,346.2907970363289,346.2907970363289
2030,METRO_SE_malmo,metro,METRO_250K-1M,250K-1M,SE,CAND_PL_lodz,CAND_PL_lodz__METRO_SE_malmo__VIA_RELAY,VIA_RELAY,True,1,1,7.231,3.0,10.231,2.0,12.231,0,1.0,182.0126830783939,182.0126830783939
2030,METRO_AT_vienna,metro,METRO_1M+,1M+,AT,CAND_PL_lodz,CAND_PL_lodz__METRO_AT_vienna__VIA_RELAY,VIA_RELAY,True,1,1,5.543,3.0,8.543,4.0,12.543,0,1.0,912.7584378662658,912.7584378662658
2030,METRO_AT_graz,metro,METRO_<250K,<250K,AT,CAND_PL_lodz,CAND_PL_lodz__METRO_AT_graz__VIA_RELAY,VIA_RELAY,True,1,1,7.18,3.0,10.18,1.0,11.18,0,1.0,103.36794274981216,103.36794274981216
2030,METRO_AT_linz,metro,METRO_<250K,<250K,AT,CAND_PL_lodz,CAND_PL_lodz__METRO_AT_linz__VIA_RELAY,VIA_RELAY,True,1,1,6.41,3.0,9.41,1.0,10.41,0,1.0,91.66591149511643,91.66591149511643
2030,METRO_AT_favoriten,metro,METRO_<250K,<250K,AT,CAND_PL_lodz,CAND_PL_lodz__METRO_AT_favoriten__VIA_RELAY,VIA_RELAY,True,1,1,5.498,3.0,8.498,1.0,9.498,0,1.0,94.59141930879036,94.59141930879036
2030,METRO_AT_donaustadt,metro,METRO_<250K,<250K,AT,CAND_PL_lodz,CAND_PL_lodz__METRO_AT_donaustadt__VIA_RELAY,VIA_RELAY,True,1,1,5.5,3.0,8.5,1.0,9.5,0,1.0,95.56658858001501,95.56658858001501
2030,METRO_FR_paris,metro,METRO_1M+,1M+,FR,CAND_DE_koeln,CAND_DE_koeln__METRO_FR_paris__VIA_RELAY,VIA_RELAY,True,1,1,4.83,3.0,7.83,4.0,11.83,0,1.0,5122.705833513628,5122.705833513628
2030,METRO_FR_lyon,metro,METRO_1M+,1M+,FR,CAND_DE_koeln,CAND_DE_koeln__METRO_FR_lyon__VIA_RELAY,VIA_RELAY,True,1,1,7.165,3.0,10.165,4.0,14.165,0,1.0,809.871694689097,809.871694689097
2030,METRO_FR_marseille,metro,METRO_1M+,1M+,FR,CAND_IT_rome,CAND_IT_rome__METRO_FR_marseille__VIA_RELAY,VIA_RELAY,True,1,1,7.248,3.0,10.248,4.0,14.248,0,1.0,740.8430148296422,740.8430148296422
2030,METRO_FR_lille,metro,METRO_1M+,1M+,FR,CAND_DE_koeln,CAND_DE_koeln__METRO_FR_lille__DIRECT,DIRECT,True,0,1,3.307,2.0,5.307,4.0,9.307,0,1.0,491.95087336456555,491.95087336456555
2030,METRO_FR_toulouse,metro,METRO_1M+,1M+,FR,CAND_ES_madrid,CAND_ES_madrid__METRO_FR_toulouse__VIA_RELAY,VIA_RELAY,True,1,1,6.64,3.0,9.64,4.0,13.64,0,1.0,491.95087336456555,491.95087336456555
2030,METRO_FR_bordeaux,metro,METRO_1M+,1M+,FR,CAND_ES_madrid,CAND_ES_madrid__METRO_FR_bordeaux__VIA_RELAY,VIA_RELAY,True,1,1,6.65,3.0,9.65,4.0,13.65,0,1.0,462.78382553662686,462.78382553662686
2030,METRO_FR_nice,metro,METRO_250K-1M,250K-1M,FR,CAND_IT_rome,CAND_IT_rome__METRO_FR_nice__VIA_RELAY,VIA_RELAY,True,1,1,5.675,3.0,8.675,2.0,10.675,0,1.0,429.72783799829637,429.72783799829637
2030,METRO_FR_nantes,metro,METRO_250K-1M,250K-1M,FR,CAND_DE_koeln,CAND_DE_koeln__METRO_FR_nantes__VIA_RELAY,VIA_RELAY,True,1,1,8.967,3.0,11.967,2.0,13.967,0,1.0,323.75423089011923,323.75423089011923
2030,METRO_FR_toulon,metro,METRO_250K-1M,250K-1M,FR,CAND_IT_rome,CAND_IT_rome__METRO_FR_toulon__VIA_RELAY,VIA_RELAY,True,1,1,6.718,3.0,9.718,2.0,11.718,0,1.0,267.3646050894378,267.3646050894378
2030,METRO_FR_grenoble,metro,METRO_250K-1M,250K-1M,FR,CAND_DE_koeln,CAND_DE_koeln__METRO_FR_grenoble__VIA_RELAY,VIA_RELAY,True,1,1,7.765,3.0,10.765,2.0,12.765,0,1.0,245.00320175468482,245.00320175468482
2030,METRO_FR_strasbourg,metro,METRO_250K-1M,250K-1M,FR,CAND_DE_koeln,CAND_DE_koeln__METRO_FR_strasbourg__DIRECT,DIRECT,True,0,1,3.209,2.0,5.209,2.0,7.209,0,1.0,221.66956349233388,221.66956349233388
2030,METRO_FR_montpellier,metro,METRO_250K-1M,250K-1M,FR,CAND_ES_madrid,CAND_ES_madrid__METRO_FR_montpellier__VIA_RELAY,VIA_RELAY,True,1,1,8.634,3.0,11.634,2.0,13.634,0,1.0,221.66956349233388,221.66956349233388
2030,METRO_FR_avignon,metro,METRO_250K-1M,250K-1M,FR,CAND_IT_rome,CAND_IT_rome__METRO_FR_avignon__VIA_RELAY,VIA_RELAY,True,1,1,8.007,3.0,11.007,2.0,13.007,0,1.0,218.75285870954002,218.75285870954002
2030,METRO_FR_rouen,metro,METRO_250K-1M,250K-1M,FR,CAND_DE_koeln,CAND_DE_koeln__METRO_FR_rouen__VIA_RELAY,VIA_RELAY,True,1,1,5.411,3.0,8.411,2.0,10.411,0,1.0,214.86391899914818,214.86391899914818
2030,METRO_FR_saint_etienne,metro,METRO_250K-1M,250K-1M,FR,CAND_DE_koeln,CAND_DE_koeln__METRO_FR_saint_etienne__VIA_RELAY,VIA_RELAY,True,1,1,7.704,3.0,10.704,2.0,12.704,0,1.0,171.1133472572402,171.1133472572402
2030,METRO_FR_rennes,metro,METRO_250K-1M,250K-1M,FR,CAND_DE_koeln,CAND_DE_koeln__METRO_FR_rennes__VIA_RELAY,VIA_RELAY,True,1,1,9.317,3.0,12.317,2.0,14.317,0,1.0,169.16887740204427,169.16887740204427
2030,METRO_FR_tours,metro,METRO_250K-1M,250K-1M,FR,CAND_DE_koeln,CAND_DE_koeln__METRO_FR_tours__VIA_RELAY,VIA_RELAY,True,1,1,7.206,3.0,10.206,2.0,12.206,0,1.0,166.25217261925042,166.25217261925042
2030,METRO_FR_bethune,metro,METRO_250K-1M,250K-1M,FR,CAND_DE_koeln,CAND_DE_koeln__METRO_FR_bethune__DIRECT,DIRECT,True,0,1,3.684,2.0,5.684,2.0,7.684,0,1.0,164.3077027640545,164.3077027640545
2030,METRO_FR_valenciennes,metro,METRO_250K-1M,250K-1M,FR,CAND_DE_koeln,CAND_DE_koeln__METRO_FR_valenciennes__DIRECT,DIRECT,True,0,1,2.994,2.0,4.994,2.0,6.994,0,1.0,154.58535348807496,154.58535348807496
2030,METRO_FR_reims,metro,METRO_<250K,<250K,FR,CAND_DE_koeln,CAND_DE_koeln__METRO_FR_reims__DIRECT,DIRECT,True,0,1,3.358,2.0,5.358,1.0,6.358,0,1.0,85.5566736286201,85.5566736286201
2030,METRO_FR_le_havre,metro,METRO_<250K,<250K,FR,CAND_DE_koeln,CAND_DE_koeln__METRO_FR_le_havre__VIA_RELAY,VIA_RELAY,True,1,1,6.151,3.0,9.151,1.0,10.151,0,1.0,80.69549899063031,80.69549899063031
2030,METRO_FR_cergy_pontoise,metro,METRO_<250K,<250K,FR,CAND_DE_koeln,CAND_DE_koeln__METRO_FR_cergy_pontoise__VIA_RELAY,VIA_RELAY,True,1,1,5.088,3.0,8.088,1.0,9.088,0,1.0,84.58443870102214,84.58443870102214
2030,METRO_FR_angers,metro,METRO_<250K,<250K,FR,CAND_DE_koeln,CAND_DE_koeln__METRO_FR_angers__VIA_RELAY,VIA_RELAY,True,1,1,7.996,3.0,10.996,1.0,11.996,0,1.0,74.86208942504258,74.86208942504258
2030,METRO_IE_dublin,metro,METRO_1M+,1M+,IE,CAND_DE_koeln,,BASELINE_FALLBACK,False,0,0,24.25606147,0.0,24.25606147,4.0,28.25606147,1,0.95,594.3591679245284,564.6412095283019
2030,METRO_IE_cork,metro,METRO_<250K,<250K,IE,CAND_DE_koeln,,BASELINE_FALLBACK,False,0,0,25.8726909,0.0,25.8726909,1.0,26.8726909,1,0.95,85.5954141509434,81.31564344339623
2030,METRO_IE_dun_laoghaire,metro,METRO_<250K,<250K,IE,CAND_DE_koeln,,BASELINE_FALLBACK,False,0,0,24.15753055,0.0,24.15753055,1.0,25.15753055,1,0.95,84.63366792452831,80.4019845283019
2030,METRO_IT_rome,metro,METRO_UNKNOWN,,IT,CAND_IT_rome,SELF::CAND_IT_rome,DC_LOCAL,True,0,1,0.0,0.0,0.0,1.0,1.0,0,1.0,2041.062612635152,2041.062612635152
2030,METRO_IT_milan,metro,METRO_1M+,1M+,IT,CAND_IT_rome,CAND_IT_rome__METRO_IT_milan__VIA_RELAY,VIA_RELAY,True,1,1,5.784,3.0,8.784,4.0,12.784,0,1.0,1479.7447397787275,1479.7447397787275
2030,METRO_IT_naples,metro,METRO_1M+,1M+,IT,CAND_IT_rome,CAND_IT_rome__METRO_IT_naples__DIRECT,DIRECT,True,0,1,2.24,2.0,4.24,4.0,8.24,0,1.0,1015.9135176012069,1015.9135176012069
2030,METRO_IT_turin,metro,METRO_1M+,1M+,IT,CAND_IT_rome,CAND_IT_rome__METRO_IT_turin__VIA_RELAY,VIA_RELAY,True,1,1,6.307,3.0,9.307,4.0,13.307,0,1.0,846.5945980010057,846.5945980010057
2030,METRO_IT_bergamo,metro,METRO_250K-1M,250K-1M,IT,CAND_IT_rome,CAND_IT_rome__METRO_IT_bergamo__VIA_RELAY,VIA_RELAY,True,1,1,5.768,3.0,8.768,2.0,10.768,0,1.0,435.09831460900176,435.09831460900176
2030,METRO_IT_palermo,metro,METRO_250K-1M,250K-1M,IT,CAND_DE_koeln,CAND_DE_koeln__METRO_IT_palermo__VIA_DC_TRANSFER,VIA_DC_TRANSFER,True,1,2,21.544,5.0,26.544,2.0,28.544,1,0.95,396.1036543374402,376.2984716205682
2030,METRO_IT_bologna,metro,METRO_250K-1M,250K-1M,IT,CAND_IT_rome,CAND_IT_rome__METRO_IT_bologna__DIRECT,DIRECT,True,0,1,3.654,2.0,5.654,2.0,7.654,0,1.0,383.78955109378927,383.78955109378927
2030,METRO_IT_florence,metro,METRO_250K-1M,250K-1M,IT,CAND_IT_rome,CAND_IT_rome__METRO_IT_florence__DIRECT,DIRECT,True,0,1,2.806,2.0,4.806,2.0,6.806,0,1.0,333.506962848881,333.506962848881
2030,METRO_IT_padova,metro,METRO_250K-1M,250K-1M,IT,CAND_IT_rome,CAND_IT_rome__METRO_IT_padova__VIA_RELAY,VIA_RELAY,True,1,1,4.746,3.0,7.746,2.0,9.746,0,1.0,329.402261767664,329.402261767664
2030,METRO_IT_genoa,metro,METRO_250K-1M,250K-1M,IT,CAND_IT_rome,CAND_IT_rome__METRO_IT_genoa__VIA_RELAY,VIA_RELAY,True,1,1,4.826,3.0,7.826,2.0,9.826,0,1.0,312.98345744279607,312.98345744279607
2030,METRO_IT_busto_arsizio,metro,METRO_250K-1M,250K-1M,IT,CAND_IT_rome,CAND_IT_rome__METRO_IT_busto_arsizio__VIA_RELAY,VIA_RELAY,True,1,1,6.144,3.0,9.144,2.0,11.144,0,1.0,314.0096327131003,314.0096327131003
2030,METRO_IT_verona,metro,METRO_250K-1M,250K-1M,IT,CAND_IT_rome,CAND_IT_rome__METRO_IT_verona__VIA_RELAY,VIA_RELAY,True,1,1,4.946,3.0,7.946,2.0,9.946,0,1.0,302.72170473975353,302.72170473975353
2030,METRO_IT_seregno,metro,METRO_250K-1M,250K-1M,IT,CAND_IT_rome,CAND_IT_rome__METRO_IT_seregno__VIA_RELAY,VIA_RELAY,True,1,1,5.939,3.0,8.939,2.0,10.939,0,1.0,300.66935419914506,300.66935419914506
2030,METRO_IT_bari,metro,METRO_250K-1M,250K-1M,IT,CAND_IT_rome,CAND_IT_rome__METRO_IT_bari__VIA_HUB_CORRIDOR,VIA_HUB_CORRIDOR,True,0,2,4.476,4.0,8.476,2.0,10.476,0,1.0,291.4337767664068,291.4337767664068
2030,METRO_IT_catania,metro,METRO_250K-1M,250K-1M,IT,CAND_IT_rome,CAND_IT_rome__METRO_IT_catania__VIA_RELAY,VIA_RELAY,True,1,1,6.431,3.0,9.431,2.0,11.431,0,1.0,275.0149724415388,275.0149724415388
2030,METRO_IT_brescia,metro,METRO_250K-1M,250K-1M,IT,CAND_IT_rome,CAND_IT_rome__METRO_IT_brescia__VIA_RELAY,VIA_RELAY,True,1,1,5.342,3.0,8.342,2.0,10.342,0,1.0,232.9417863590646,232.9417863590646
2030,METRO_IT_como,metro,METRO_250K-1M,250K-1M,IT,CAND_IT_rome,CAND_IT_rome__METRO_IT_como__VIA_RELAY,VIA_RELAY,True,1,1,6.179,3.0,9.179,2.0,11.179,0,1.0,231.91561108876033,231.91561108876033
2030,METRO_IT_cagliari,metro,METRO_250K-1M,250K-1M,IT,CAND_IT_rome,CAND_IT_rome__METRO_IT_cagliari__VIA_RELAY,VIA_RELAY,True,1,1,4.942,3.0,7.942,2.0,9.942,0,1.0,223.70620892632633,223.70620892632633
2030,METRO_IT_latina,metro,METRO_250K-1M,250K-1M,IT,CAND_IT_rome,CAND_IT_rome__METRO_IT_latina__DIRECT,DIRECT,True,0,1,0.69,2.0,2.69,2.0,4.6899999999999995,0,1.0,220.6276831154136,220.6276831154136
2030,METRO_IT_taranto,metro,METRO_250K-1M,250K-1M,IT,CAND_IT_rome,CAND_IT_rome__METRO_IT_taranto__VIA_HUB_CORRIDOR,VIA_HUB_CORRIDOR,True,0,2,5.178,4.0,9.178,2.0,11.178,0,1.0,215.49680676389235,215.49680676389235
2030,METRO_IT_caserta,metro,METRO_250K-1M,250K-1M,IT,CAND_IT_rome,CAND_IT_rome__METRO_IT_caserta__DIRECT,DIRECT,True,0,1,2.123,2.0,4.123,2.0,6.123,0,1.0,202.1565282499371,202.1565282499371
2030,METRO_IT_salerno,metro,METRO_250K-1M,250K-1M,IT,CAND_IT_rome,CAND_IT_rome__METRO_IT_salerno__DIRECT,DIRECT,True,0,1,2.805,2.0,4.805,2.0,6.805,0,1.0,198.0518271687201,198.0518271687201
2030,METRO_IT_treviso,metro,METRO_250K-1M,250K-1M,IT,CAND_IT_rome,CAND_IT_rome__METRO_IT_treviso__VIA_RELAY,VIA_RELAY,True,1,1,5.044,3.0,8.044,2.0,10.044,0,1.0,181.63302284385213,181.63302284385213
2030,METRO_IT_pescara,metro,METRO_250K-1M,250K-1M,IT,CAND_IT_rome,CAND_IT_rome__METRO_IT_pescara__DIRECT,DIRECT,True,0,1,1.836,2.0,3.836,2.0,5.836,0,1.0,180.60684757354787,180.60684757354787
2030,METRO_IT_modena,metro,METRO_250K-1M,250K-1M,IT,CAND_IT_rome,CAND_IT_rome__METRO_IT_modena__DIRECT,DIRECT,True,0,1,3.987,2.0,5.987,2.0,7.987,0,1.0,171.37127014080963,171.37127014080963
2030,METRO_IT_barletta,metro,METRO_250K-1M,250K-1M,IT,CAND_IT_rome,CAND_IT_rome__METRO_IT_barletta__DIRECT,DIRECT,True,0,1,3.84,2.0,5.84,2.0,7.84,0,1.0,160.0833421674629,160.0833421674629
2030,METRO_IT_parma,metro,METRO_250K-1M,250K-1M,IT,CAND_IT_rome,CAND_IT_rome__METRO_IT_parma__VIA_RELAY,VIA_RELAY,True,1,1,4.421,3.0,7.421,2.0,9.421,0,1.0,158.03099162685442,158.03099162685442
2030,METRO_IT_vicenza,metro,METRO_250K-1M,250K-1M,IT,CAND_IT_rome,CAND_IT_rome__METRO_IT_vicenza__VIA_RELAY,VIA_RELAY,True,1,1,4.969,3.0,7.969,2.0,9.969000000000001,0,1.0,157.00481635655015,157.00481635655015
2030,METRO_IT_nola,metro,METRO_250K-1M,250K-1M,IT,CAND_IT_rome,CAND_IT_rome__METRO_IT_nola__DIRECT,DIRECT,True,0,1,2.395,2.0,4.395,2.0,6.395,0,1.0,154.95246581594165,154.95246581594165
2030,METRO_IT_lecco,metro,METRO_250K-1M,250K-1M,IT,CAND_IT_rome,CAND_IT_rome__METRO_IT_lecco__VIA_RELAY,VIA_RELAY,True,1,1,6.078,3.0,9.078,2.0,11.078,0,1.0,147.7692389238119,147.7692389238119
2030,METRO_IT_messina,metro,METRO_<250K,<250K,IT,CAND_IT_rome,CAND_IT_rome__METRO_IT_messina__VIA_HUB_CORRIDOR,VIA_HUB_CORRIDOR,True,0,2,6.207,4.0,10.207,1.0,11.207,0,1.0,98.51282594920794,98.51282594920794
2030,METRO_IT_trieste,metro,METRO_<250K,<250K,IT,CAND_IT_rome,CAND_IT_rome__METRO_IT_trieste__VIA_RELAY,VIA_RELAY,True,1,1,5.16,3.0,8.16,1.0,9.16,0,1.0,86.19872270555693,86.19872270555693
2030,METRO_IT_prato,metro,METRO_<250K,<250K,IT,CAND_IT_rome,CAND_IT_rome__METRO_IT_prato__DIRECT,DIRECT,True,0,1,2.992,2.0,4.992,1.0,5.992,0,1.0,86.19872270555693,86.19872270555693
2030,METRO_IT_reggio_calabria,metro,METRO_<250K,<250K,IT,CAND_IT_rome,CAND_IT_rome__METRO_IT_reggio_calabria__VIA_HUB_CORRIDOR,VIA_HUB_CORRIDOR,True,0,2,6.342,4.0,10.342,1.0,11.342,0,1.0,77.98932054312294,77.98932054312294
2030,METRO_PT_lisbon,metro,METRO_1M+,1M+,PT,CAND_DE_koeln,CAND_DE_koeln__METRO_PT_lisbon__VIA_RELAY,VIA_RELAY,True,1,5,24.056,11.0,35.056,4.0,39.056,1,0.95,1350.7394292846855,1283.2024578204512
2030,METRO_PT_porto,metro,METRO_1M+,1M+,PT,CAND_DE_koeln,CAND_DE_koeln__METRO_PT_porto__VIA_RELAY,VIA_RELAY,True,1,4,20.766,9.0,29.766,4.0,33.766,1,0.95,592.8892178828612,563.2447569887181
2030,METRO_PT_amadora,metro,METRO_<250K,<250K,PT,CAND_DE_koeln,CAND_DE_koeln__METRO_PT_amadora__VIA_RELAY,VIA_RELAY,True,1,5,24.025,11.0,35.025,1.0,36.025,1,0.95,77.62870283245319,73.74726769083053
2030,METRO_ES_madrid,metro,METRO_UNKNOWN,,ES,CAND_ES_madrid,SELF::CAND_ES_madrid,DC_LOCAL,True,0,1,0.0,0.0,0.0,1.0,1.0,0,1.0,3044.0584349737273,3044.0584349737273
2030,METRO_ES_barcelona,metro,METRO_1M+,1M+,ES,CAND_ES_madrid,CAND_ES_madrid__METRO_ES_barcelona__VIA_RELAY,VIA_RELAY,True,1,1,6.056,3.0,9.056,4.0,13.056,0,1.0,2559.976041980149,2559.976041980149
2030,METRO_ES_valencia,metro,METRO_250K-1M,250K-1M,ES,CAND_ES_madrid,CAND_ES_madrid__METRO_ES_valencia__DIRECT,DIRECT,True,0,1,3.628,2.0,5.628,2.0,7.628,0,1.0,372.8215204103763,372.8215204103763
2030,METRO_ES_zaragoza,metro,METRO_250K-1M,250K-1M,ES,CAND_ES_madrid,CAND_ES_madrid__METRO_ES_zaragoza__DIRECT,DIRECT,True,0,1,3.289,2.0,5.289,2.0,7.289,0,1.0,330.854700050046,330.854700050046
2030,METRO_ES_sevilla,metro,METRO_250K-1M,250K-1M,ES,CAND_ES_madrid,CAND_ES_madrid__METRO_ES_sevilla__VIA_RELAY,VIA_RELAY,True,1,1,4.689,3.0,7.689,2.0,9.689,0,1.0,310.35927615314046,310.35927615314046
2030,METRO_ES_malaga,metro,METRO_250K-1M,250K-1M,ES,CAND_ES_madrid,CAND_ES_madrid__METRO_ES_malaga__VIA_HUB_CORRIDOR,VIA_HUB_CORRIDOR,True,0,2,5.153,4.0,9.153,2.0,11.153,0,1.0,264.48856552673294,264.48856552673294
2030,METRO_ES_murcia,metro,METRO_250K-1M,250K-1M,ES,CAND_ES_madrid,CAND_ES_madrid__METRO_ES_murcia__VIA_HUB_CORRIDOR,VIA_HUB_CORRIDOR,True,0,2,4.225,4.0,8.225,2.0,10.225,0,1.0,231.3054982650764,231.3054982650764
2030,METRO_ES_palma,metro,METRO_250K-1M,250K-1M,ES,CAND_ES_madrid,CAND_ES_madrid__METRO_ES_palma__VIA_RELAY,VIA_RELAY,True,1,1,6.59,3.0,9.59,2.0,11.59,0,1.0,217.64188233380605,217.64188233380605
2030,METRO_ES_alicante,metro,METRO_250K-1M,250K-1M,ES,CAND_ES_madrid,CAND_ES_madrid__METRO_ES_alicante__VIA_HUB_CORRIDOR,VIA_HUB_CORRIDOR,True,0,2,4.356,4.0,8.356,2.0,10.356,0,1.0,169.81922657435987,169.81922657435987
2030,METRO_ES_las_palmas_de_gran_canaria,metro,METRO_250K-1M,250K-1M,ES,CAND_ES_madrid,,BASELINE_FALLBACK,False,0,0,33.86097493,0.0,33.86097493,2.0,35.86097493,1,0.95,168.84325400784059,160.40109130744855
2030,METRO_ES_bilbao,metro,METRO_250K-1M,250K-1M,ES,CAND_ES_madrid,CAND_ES_madrid__METRO_ES_bilbao__DIRECT,DIRECT,True,0,1,3.876,2.0,5.876,2.0,7.876,0,1.0,153.22769294353162,153.22769294353162
2030,METRO_ES_cordoba,metro,METRO_250K-1M,250K-1M,ES,CAND_ES_madrid,CAND_ES_madrid__METRO_ES_cordoba__DIRECT,DIRECT,True,0,1,3.546,2.0,5.546,2.0,7.546,0,1.0,158.10755577612818,158.10755577612818
2030,METRO_ES_vigo,metro,METRO_250K-1M,250K-1M,ES,CAND_DE_koeln,CAND_DE_koeln__METRO_ES_vigo__VIA_RELAY,VIA_RELAY,True,1,3,19.316,7.0,26.316,2.0,28.316,1,0.95,136.63615931270337,129.8043513470682
2030,METRO_ES_valladolid,metro,METRO_250K-1M,250K-1M,ES,CAND_ES_madrid,CAND_ES_madrid__METRO_ES_valladolid__DIRECT,DIRECT,True,0,1,1.946,2.0,3.946,2.0,5.946,0,1.0,132.7322690466261,132.7322690466261
2030,METRO_ES_gijon,metro,METRO_250K-1M,250K-1M,ES,CAND_ES_madrid,CAND_ES_madrid__METRO_ES_gijon__VIA_HUB_CORRIDOR,VIA_HUB_CORRIDOR,True,0,2,4.619,4.0,8.619,2.0,10.619,0,1.0,122.97254338143301,122.97254338143301
2030,METRO_ES_eixample,metro,METRO_250K-1M,250K-1M,ES,CAND_ES_madrid,CAND_ES_madrid__METRO_ES_eixample__VIA_RELAY,VIA_RELAY,True,1,1,6.059,3.0,9.059,2.0,11.059,0,1.0,117.11670798231717,117.11670798231717
2030,METRO_ES_l_hospitalet_de_llobregat,metro,METRO_UNKNOWN,,ES,CAND_ES_madrid,SELF::CAND_ES_madrid,DC_LOCAL,True,0,1,0.0,0.0,0.0,1.0,1.0,0,1.0,124.92448851447165,124.92448851447165
2030,METRO_ES_latina,metro,METRO_250K-1M,250K-1M,ES,CAND_IT_rome,CAND_IT_rome__METRO_ES_latina__DIRECT,DIRECT,True,0,1,0.69,2.0,2.69,2.0,4.6899999999999995,0,1.0,117.11670798231717,117.11670798231717
2030,METRO_ES_carabanchel,metro,METRO_250K-1M,250K-1M,ES,CAND_ES_madrid,CAND_ES_madrid__METRO_ES_carabanchel__DIRECT,DIRECT,True,0,1,0.041,2.0,2.041,2.0,4.041,0,1.0,113.21281771623993,113.21281771623993
2030,METRO_ES_a_coruna,metro,METRO_<250K,<250K,ES,CAND_ES_madrid,CAND_ES_madrid__METRO_ES_a_coruna__VIA_HUB_CORRIDOR,VIA_HUB_CORRIDOR,True,0,3,6.949,6.0,12.949,1.0,13.949,0,1.0,109.30892745016268,109.30892745016268
2030,METRO_ES_puente_de_vallecas,metro,METRO_<250K,<250K,ES,CAND_ES_madrid,CAND_ES_madrid__METRO_ES_puente_de_vallecas__DIRECT,DIRECT,True,0,1,0.051,2.0,2.051,1.0,3.051,0,1.0,109.30892745016268,109.30892745016268
2030,METRO_ES_sant_marti,metro,METRO_<250K,<250K,ES,CAND_ES_madrid,CAND_ES_madrid__METRO_ES_sant_marti__VIA_RELAY,VIA_RELAY,True,1,1,6.112,3.0,9.112,1.0,10.112,0,1.0,109.30892745016268,109.30892745016268
2030,METRO_ES_gasteiz_vitoria,metro,METRO_UNKNOWN,,ES,CAND_ES_madrid,SELF::CAND_ES_madrid,DC_LOCAL,True,0,1,0.0,0.0,0.0,1.0,1.0,0,1.0,106.38100975060476,106.38100975060476
2030,METRO_ES_granada,metro,METRO_<250K,<250K,ES,CAND_ES_madrid,CAND_ES_madrid__METRO_ES_granada__VIA_RELAY,VIA_RELAY,True,1,1,4.662,3.0,7.662,1.0,8.661999999999999,0,1.0,105.40503718408546,105.40503718408546
2030,METRO_ES_elche,metro,METRO_<250K,<250K,ES,CAND_ES_madrid,CAND_ES_madrid__METRO_ES_elche__VIA_HUB_CORRIDOR,VIA_HUB_CORRIDOR,True,0,2,4.233,4.0,8.233,1.0,9.233,0,1.0,105.40503718408546,105.40503718408546
2030,METRO_ES_ciudad_lineal,metro,METRO_<250K,<250K,ES,CAND_ES_madrid,CAND_ES_madrid__METRO_ES_ciudad_lineal__DIRECT,DIRECT,True,0,1,0.064,2.0,2.064,1.0,3.064,0,1.0,106.38100975060476,106.38100975060476
2030,METRO_ES_oviedo,metro,METRO_<250K,<250K,ES,CAND_ES_madrid,CAND_ES_madrid__METRO_ES_oviedo__VIA_HUB_CORRIDOR,VIA_HUB_CORRIDOR,True,0,2,4.474,4.0,8.474,1.0,9.474,0,1.0,101.50114691800822,101.50114691800822
2030,METRO_ES_santa_cruz_de_tenerife,metro,METRO_<250K,<250K,ES,CAND_ES_madrid,,BASELINE_FALLBACK,False,0,0,34.048804340000004,0.0,34.048804340000004,1.0,35.048804340000004,1,0.95,101.50114691800822,96.4260895721078
2030,METRO_ES_fuencarral_el_pardo,metro,METRO_<250K,<250K,ES,CAND_ES_madrid,CAND_ES_madrid__METRO_ES_fuencarral_el_pardo__DIRECT,DIRECT,True,0,1,0.113,2.0,2.113,1.0,3.113,0,1.0,97.59725665193098,97.59725665193098
2030,METRO_ES_badalona,metro,METRO_<250K,<250K,ES,CAND_ES_madrid,CAND_ES_madrid__METRO_ES_badalona__VIA_RELAY,VIA_RELAY,True,1,1,6.176,3.0,9.176,1.0,10.176,0,1.0,100.52517435148889,100.52517435148889
2030,METRO_ES_cartagena,metro,METRO_<250K,<250K,ES,CAND_ES_madrid,CAND_ES_madrid__METRO_ES_cartagena__VIA_HUB_CORRIDOR,VIA_HUB_CORRIDOR,True,0,2,4.747,4.0,8.747,1.0,9.747,0,1.0,94.66933895237304,94.66933895237304
2030,METRO_ES_terrassa,metro,METRO_<250K,<250K,ES,CAND_ES_madrid,CAND_ES_madrid__METRO_ES_terrassa__VIA_RELAY,VIA_RELAY,True,1,1,5.96,3.0,8.96,1.0,9.96,0,1.0,96.62128408541167,96.62128408541167
2030,METRO_ES_jerez_de_la_frontera,metro,METRO_<250K,<250K,ES,CAND_ES_madrid,CAND_ES_madrid__METRO_ES_jerez_de_la_frontera__VIA_HUB_CORRIDOR,VIA_HUB_CORRIDOR,True,0,2,5.709,4.0,9.709,1.0,10.709,0,1.0,91.74142125281512,91.74142125281512
2030,METRO_ES_sabadell,metro,METRO_<250K,<250K,ES,CAND_ES_madrid,CAND_ES_madrid__METRO_ES_sabadell__VIA_RELAY,VIA_RELAY,True,1,1,6.058,3.0,9.058,1.0,10.058,0,1.0,93.69336638585374,93.69336638585374
2030,METRO_ES_mostoles,metro,METRO_<250K,<250K,ES,CAND_ES_madrid,CAND_ES_madrid__METRO_ES_mostoles__DIRECT,DIRECT,True,0,1,0.208,2.0,2.208,1.0,3.208,0,1.0,92.71739381933443,92.71739381933443
2030,METRO_ES_alcala_de_henares,metro,METRO_<250K,<250K,ES,CAND_ES_madrid,CAND_ES_madrid__METRO_ES_alcala_de_henares__DIRECT,DIRECT,True,0,1,0.359,2.0,2.359,1.0,3.359,0,1.0,92.71739381933443,92.71739381933443
2030,METRO_ES_pamplona,metro,METRO_<250K,<250K,ES,CAND_ES_madrid,CAND_ES_madrid__METRO_ES_pamplona__DIRECT,DIRECT,True,0,1,3.805,2.0,5.805,1.0,6.805,0,1.0,89.7894761197765,89.7894761197765
2030,METRO_ES_fuenlabrada,metro,METRO_<250K,<250K,ES,CAND_ES_madrid,CAND_ES_madrid__METRO_ES_fuenlabrada__DIRECT,DIRECT,True,0,1,0.2,2.0,2.2,1.0,3.2,0,1.0,85.88558585369925,85.88558585369925
2030,METRO_ES_almeria,metro,METRO_<250K,<250K,ES,CAND_ES_madrid,CAND_ES_madrid__METRO_ES_almeria__VIA_HUB_CORRIDOR,VIA_HUB_CORRIDOR,True,0,2,5.628,4.0,9.628,1.0,10.628,0,1.0,87.83753098673787,87.83753098673787
2030,METRO_ES_leganes,metro,METRO_<250K,<250K,ES,CAND_ES_madrid,CAND_ES_madrid__METRO_ES_leganes__DIRECT,DIRECT,True,0,1,0.134,2.0,2.134,1.0,3.134,0,1.0,84.90961328717994,84.90961328717994
2030,METRO_ES_san_sebastian,metro,METRO_<250K,<250K,ES,CAND_ES_madrid,CAND_ES_madrid__METRO_ES_san_sebastian__VIA_HUB_CORRIDOR,VIA_HUB_CORRIDOR,True,0,2,4.325,4.0,8.325,1.0,9.325,0,1.0,81.98169558762201,81.98169558762201
2030,METRO_ES_sants_montjuic,metro,METRO_<250K,<250K,ES,CAND_ES_madrid,CAND_ES_madrid__METRO_ES_sants_montjuic__VIA_RELAY,VIA_RELAY,True,1,1,6.043,3.0,9.043,1.0,10.043,0,1.0,81.00572302110271,81.00572302110271
2030,METRO_ES_santander,metro,METRO_<250K,<250K,ES,CAND_ES_madrid,CAND_ES_madrid__METRO_ES_santander__VIA_HUB_CORRIDOR,VIA_HUB_CORRIDOR,True,0,2,4.071,4.0,8.071,1.0,9.071,0,1.0,81.98169558762201,81.98169558762201
2030,METRO_ES_castello_de_la_plana,metro,METRO_<250K,<250K,ES,CAND_ES_madrid,CAND_ES_madrid__METRO_ES_castello_de_la_plana__DIRECT,DIRECT,True,0,1,3.767,2.0,5.767,1.0,6.767,0,1.0,83.93364072066063,83.93364072066063
2030,METRO_ES_burgos,metro,METRO_<250K,<250K,ES,CAND_ES_madrid,CAND_ES_madrid__METRO_ES_burgos__DIRECT,DIRECT,True,0,1,2.568,2.0,4.568,1.0,5.568,0,1.0,80.0297504545834,80.0297504545834
2030,METRO_ES_albacete,metro,METRO_<250K,<250K,ES,CAND_ES_madrid,CAND_ES_madrid__METRO_ES_albacete__DIRECT,DIRECT,True,0,1,2.682,2.0,4.682,1.0,5.682,0,1.0,75.14988762198685,75.14988762198685
2030,METRO_ES_horta_guinardo,metro,METRO_<250K,<250K,ES,CAND_ES_madrid,CAND_ES_madrid__METRO_ES_horta_guinardo__VIA_RELAY,VIA_RELAY,True,1,1,6.089,3.0,9.089,1.0,10.089,0,1.0,75.14988762198685,75.14988762198685
2030,METRO_ES_alcorcon,metro,METRO_<250K,<250K,ES,CAND_ES_madrid,CAND_ES_madrid__METRO_ES_alcorcon__DIRECT,DIRECT,True,0,1,0.156,2.0,2.156,1.0,3.156,0,1.0,76.12586018850617,76.12586018850617
2030,METRO_ES_getafe,metro,METRO_<250K,<250K,ES,CAND_ES_madrid,CAND_ES_madrid__METRO_ES_getafe__DIRECT,DIRECT,True,0,1,0.151,2.0,2.151,1.0,3.151,0,1.0,78.07780532154477,78.07780532154477
2030,METRO_ES_nou_barris,metro,METRO_<250K,<250K,ES,CAND_ES_madrid,CAND_ES_madrid__METRO_ES_nou_barris__VIA_RELAY,VIA_RELAY,True,1,1,6.12,3.0,9.12,1.0,10.12,0,1.0,78.07780532154477,78.07780532154477
2030,METRO_CH_zurich,metro,METRO_1M+,1M+,CH,CAND_DE_koeln,CAND_DE_koeln__METRO_CH_zurich__VIA_RELAY,VIA_RELAY,True,1,1,4.959,3.0,7.959,4.0,11.959,0,1.0,657.5471669235328,657.5471669235328
2030,METRO_CH_geneva,metro,METRO_250K-1M,250K-1M,CH,CAND_DE_koeln,CAND_DE_koeln__METRO_CH_geneva__VIA_RELAY,VIA_RELAY,True,1,1,6.353,3.0,9.353,2.0,11.353,0,1.0,292.13605803200943,292.13605803200943
2030,METRO_CH_basel,metro,METRO_250K-1M,250K-1M,CH,CAND_DE_koeln,CAND_DE_koeln__METRO_CH_basel__VIA_RELAY,VIA_RELAY,True,1,1,4.536,3.0,7.536,2.0,9.536,0,1.0,260.31925963248364,260.31925963248364
2030,METRO_CH_lausanne,metro,METRO_250K-1M,250K-1M,CH,CAND_DE_koeln,CAND_DE_koeln__METRO_CH_lausanne__VIA_RELAY,VIA_RELAY,True,1,1,6.169,3.0,9.169,2.0,11.169,0,1.0,214.04028014226435,214.04028014226435
2030,METRO_CH_bern,metro,METRO_250K-1M,250K-1M,CH,CAND_DE_koeln,CAND_DE_koeln__METRO_CH_bern__VIA_RELAY,VIA_RELAY,True,1,1,5.335,3.0,8.335,2.0,10.335,0,1.0,202.47053526970953,202.47053526970953
2030,METRO_BG_sofia,metro,METRO_1M+,1M+,BG,CAND_IT_rome,CAND_IT_rome__METRO_BG_sofia__VIA_RELAY,VIA_RELAY,True,1,1,10.769,3.0,13.769,4.0,17.769,0,1.0,326.6714656771799,326.6714656771799
2030,METRO_BG_plovdiv,metro,METRO_250K-1M,250K-1M,BG,CAND_IT_rome,CAND_IT_rome__METRO_BG_plovdiv__VIA_RELAY,VIA_RELAY,True,1,1,12.811,3.0,15.811,2.0,17.811,0,1.0,87.7929564007421,87.7929564007421
2030,METRO_BG_varna,metro,METRO_250K-1M,250K-1M,BG,CAND_PL_lodz,CAND_PL_lodz__METRO_BG_varna__VIA_RELAY,VIA_RELAY,True,1,3,13.741,7.0,20.741,2.0,22.741,0,1.0,84.73041141001853,84.73041141001853
2030,METRO_BG_burgas,metro,METRO_<250K,<250K,BG,CAND_IT_rome,CAND_IT_rome__METRO_BG_burgas__VIA_RELAY,VIA_RELAY,True,1,2,15.534,5.0,20.534,1.0,21.534,0,1.0,51.042416512059354,51.042416512059354
2030,METRO_HR_zagreb,metro,METRO_250K-1M,250K-1M,HR,CAND_IT_rome,CAND_IT_rome__METRO_HR_zagreb__VIA_RELAY,VIA_RELAY,True,1,1,6.205,3.0,9.205,2.0,11.205,0,1.0,168.2288598130841,168.2288598130841
2030,METRO_HR_split,metro,METRO_<250K,<250K,HR,CAND_IT_rome,CAND_IT_rome__METRO_HR_split__VIA_RELAY,VIA_RELAY,True,1,1,4.414,3.0,7.414,1.0,8.414,0,1.0,41.079140186915886,41.079140186915886
2030,METRO_CY_nicosia,metro,METRO_<250K,<250K,CY,CAND_IT_rome,,BASELINE_FALLBACK,False,0,0,49.46169835,0.0,49.46169835,1.0,50.46169835,2,0.85,48.783500000000004,41.465975
2030,METRO_CZ_prague,metro,METRO_1M+,1M+,CZ,CAND_PL_lodz,CAND_PL_lodz__METRO_CZ_prague__VIA_RELAY,VIA_RELAY,True,1,1,4.81,3.0,7.81,4.0,11.809999999999999,0,1.0,342.5611160220995,342.5611160220995
2030,METRO_CZ_brno,metro,METRO_250K-1M,250K-1M,CZ,CAND_PL_lodz,CAND_PL_lodz__METRO_CZ_brno__VIA_RELAY,VIA_RELAY,True,1,1,4.21,3.0,7.21,2.0,9.21,0,1.0,101.30618370165746,101.30618370165746
2030,METRO_CZ_ostrava,metro,METRO_250K-1M,250K-1M,CZ,CAND_PL_lodz,CAND_PL_lodz__METRO_CZ_ostrava__DIRECT,DIRECT,True,0,1,2.772,2.0,4.772,2.0,6.772,0,1.0,80.41831077348067,80.41831077348067
2030,METRO_CZ_pilsen,metro,METRO_<250K,<250K,CZ,CAND_DE_koeln,CAND_DE_koeln__METRO_CZ_pilsen__VIA_RELAY,VIA_RELAY,True,1,1,5.696,3.0,8.696,1.0,9.696,0,1.0,42.82013950276244,42.82013950276244
2030,METRO_GR_athens,metro,METRO_1M+,1M+,GR,CAND_IT_rome,CAND_IT_rome__METRO_GR_athens__VIA_RELAY,VIA_RELAY,True,1,1,12.595,3.0,15.595,4.0,19.595,0,1.0,764.5897379406308,764.5897379406308
2030,METRO_GR_thessaloniki,metro,METRO_250K-1M,250K-1M,GR,CAND_PL_lodz,CAND_PL_lodz__METRO_GR_thessaloniki__VIA_RELAY,VIA_RELAY,True,1,2,15.613,5.0,20.613,2.0,22.613,0,1.0,198.40619782003714,198.40619782003714
2030,METRO_GR_patras,metro,METRO_<250K,<250K,GR,CAND_IT_rome,CAND_IT_rome__METRO_GR_patras__VIA_RELAY,VIA_RELAY,True,1,1,10.911,3.0,13.911,1.0,14.911,0,1.0,41.61690978664193,41.61690978664193
2030,METRO_GR_piraeus,metro,METRO_<250K,<250K,GR,CAND_IT_rome,CAND_IT_rome__METRO_GR_piraeus__VIA_RELAY,VIA_RELAY,True,1,1,12.556,3.0,15.556,1.0,16.555999999999997,0,1.0,38.71340445269017,38.71340445269017
2030,METRO_HU_budapest,metro,METRO_1M+,1M+,HU,CAND_PL_lodz,CAND_PL_lodz__METRO_HU_budapest__VIA_RELAY,VIA_RELAY,True,1,1,5.726,3.0,8.726,4.0,12.726,0,1.0,439.78221944922547,439.78221944922547
2030,METRO_HU_debrecen,metro,METRO_<250K,<250K,HU,CAND_PL_lodz,CAND_PL_lodz__METRO_HU_debrecen__VIA_RELAY,VIA_RELAY,True,1,1,6.947,3.0,9.947,1.0,10.947,0,1.0,51.16034767641997,51.16034767641997
2030,METRO_HU_miskolc,metro,METRO_<250K,<250K,HU,CAND_PL_lodz,CAND_PL_lodz__METRO_HU_miskolc__VIA_RELAY,VIA_RELAY,True,1,1,5.38,3.0,8.38,1.0,9.38,0,1.0,40.33796643717728,40.33796643717728
2030,METRO_HU_szeged,metro,METRO_<250K,<250K,HU,CAND_PL_lodz,CAND_PL_lodz__METRO_HU_szeged__VIA_RELAY,VIA_RELAY,True,1,1,7.616,3.0,10.616,1.0,11.616,0,1.0,40.33796643717728,40.33796643717728
2030,METRO_RO_bucharest,metro,METRO_1M+,1M+,RO,CAND_PL_lodz,CAND_PL_lodz__METRO_RO_bucharest__VIA_RELAY,VIA_RELAY,True,1,2,11.478,5.0,16.478,4.0,20.478,0,1.0,433.93746895559207,433.93746895559207
2030,METRO_RO_iasi,metro,METRO_250K-1M,250K-1M,RO,CAND_PL_lodz,CAND_PL_lodz__METRO_RO_iasi__VIA_RELAY,VIA_RELAY,True,1,1,10.268,3.0,13.268,2.0,15.268,0,1.0,79.90923087993421,79.90923087993421
2030,METRO_RO_cluj_napoca,metro,METRO_250K-1M,250K-1M,RO,CAND_PL_lodz,CAND_PL_lodz__METRO_RO_cluj_napoca__VIA_RELAY,VIA_RELAY,True,1,1,7.588,3.0,10.588,2.0,12.588,0,1.0,77.88621237664472,77.88621237664472
2030,METRO_RO_timisoara,metro,METRO_250K-1M,250K-1M,RO,CAND_PL_lodz,CAND_PL_lodz__METRO_RO_timisoara__VIA_RELAY,VIA_RELAY,True,1,1,8.206,3.0,11.206,2.0,13.206,0,1.0,77.88621237664472,77.88621237664472
2030,METRO_RO_craiova,metro,METRO_250K-1M,250K-1M,RO,CAND_PL_lodz,CAND_PL_lodz__METRO_RO_craiova__VIA_RELAY,VIA_RELAY,True,1,1,11.039,3.0,14.039,2.0,16.039,0,1.0,72.82866611842104,72.82866611842104
2030,METRO_RO_constanta,metro,METRO_250K-1M,250K-1M,RO,CAND_PL_lodz,CAND_PL_lodz__METRO_RO_constanta__VIA_RELAY,VIA_RELAY,True,1,2,13.255,5.0,18.255,2.0,20.255,0,1.0,73.84017537006578,73.84017537006578
2030,METRO_RO_galati,metro,METRO_250K-1M,250K-1M,RO,CAND_PL_lodz,CAND_PL_lodz__METRO_RO_galati__VIA_RELAY,VIA_RELAY,True,1,2,11.73,5.0,16.73,2.0,18.73,0,1.0,68.7826291118421,68.7826291118421
2030,METRO_RO_brasov,metro,METRO_250K-1M,250K-1M,RO,CAND_PL_lodz,CAND_PL_lodz__METRO_RO_brasov__VIA_RELAY,VIA_RELAY,True,1,1,9.788,3.0,12.788,2.0,14.788,0,1.0,66.75961060855263,66.75961060855263
2030,METRO_RO_ploiesti,metro,METRO_<250K,<250K,RO,CAND_PL_lodz,CAND_PL_lodz__METRO_RO_ploiesti__VIA_RELAY,VIA_RELAY,True,1,2,10.797,5.0,15.797,1.0,16.797,0,1.0,55.633008840460526,55.633008840460526
2030,METRO_RO_braila,metro,METRO_<250K,<250K,RO,CAND_PL_lodz,CAND_PL_lodz__METRO_RO_braila__VIA_RELAY,VIA_RELAY,True,1,2,11.904,5.0,16.904,1.0,17.904,0,1.0,49.563953330592106,49.563953330592106
2030,METRO_RO_oradea,metro,METRO_<250K,<250K,RO,CAND_PL_lodz,CAND_PL_lodz__METRO_RO_oradea__VIA_RELAY,VIA_RELAY,True,1,1,6.651,3.0,9.651,1.0,10.651,0,1.0,51.58697183388158,51.58697183388158
2030,METRO_RO_bacau,metro,METRO_<250K,<250K,RO,CAND_PL_lodz,CAND_PL_lodz__METRO_RO_bacau__VIA_RELAY,VIA_RELAY,True,1,1,9.905,3.0,12.905,1.0,13.905,0,1.0,39.44886081414474,39.44886081414474
2030,METRO_RO_arad,metro,METRO_<250K,<250K,RO,CAND_PL_lodz,CAND_PL_lodz__METRO_RO_arad__VIA_RELAY,VIA_RELAY,True,1,1,7.627,3.0,10.627,1.0,11.627,0,1.0,41.47187931743421,41.47187931743421
2030,METRO_RO_pitesti,metro,METRO_<250K,<250K,RO,CAND_PL_lodz,CAND_PL_lodz__METRO_RO_pitesti__VIA_RELAY,VIA_RELAY,True,1,2,10.404,5.0,15.404,1.0,16.404,0,1.0,40.46037006578947,40.46037006578947
2030,METRO_MT_valletta,metro,METRO_<250K,<250K,MT,CAND_IT_rome,CAND_IT_rome__METRO_MT_valletta__VIA_RELAY,VIA_RELAY,True,1,1,8.641,3.0,11.641,1.0,12.641,0,1.0,1.54475,1.54475
2030,METRO_SK_bratislava,metro,METRO_250K-1M,250K-1M,SK,CAND_PL_lodz,CAND_PL_lodz__METRO_SK_bratislava__VIA_RELAY,VIA_RELAY,True,1,1,5.243,3.0,8.243,2.0,10.243,0,1.0,110.04580994152047,110.04580994152047
2030,METRO_SK_kosice,metro,METRO_<250K,<250K,SK,CAND_PL_lodz,CAND_PL_lodz__METRO_SK_kosice__VIA_RELAY,VIA_RELAY,True,1,1,4.664,3.0,7.664,1.0,8.664,0,1.0,56.48369005847953,56.48369005847953
2030,METRO_SI_ljubljana,metro,METRO_250K-1M,250K-1M,SI,CAND_IT_rome,CAND_IT_rome__METRO_SI_ljubljana__VIA_RELAY,VIA_RELAY,True,1,1,6.023,3.0,9.023,2.0,11.023,0,1.0,66.892,66.892
2030,METRO_LU_luxembourg,metro,METRO_<250K,<250K,LU,CAND_DE_koeln,CAND_DE_koeln__METRO_LU_luxembourg__DIRECT,DIRECT,True,0,1,1.897,2.0,3.897,1.0,4.897,0,1.0,45.7902,45.7902
2030,NONMETRO_AT,non_metro,NONMETRO_<=250KM,,AT,CAND_PL_lodz,CAND_PL_lodz__METRO_AT_favoriten__VIA_RELAY,VIA_RELAY,True,1,1,5.498,3.0,8.498,8.0,16.497999999999998,0,1.0,2869.60725,2869.60725
2030,NONMETRO_BE,non_metro,NONMETRO_<=250KM,,BE,CAND_DE_koeln,CAND_DE_koeln__METRO_BE_liege__DIRECT,DIRECT,True,0,1,1.233,2.0,3.233,8.0,11.233,0,1.0,4201.4922,4201.4922
2030,NONMETRO_BG,non_metro,NONMETRO_<=250KM,,BG,CAND_IT_rome,CAND_IT_rome__METRO_BG_sofia__VIA_RELAY,VIA_RELAY,True,1,1,10.769,3.0,13.769,8.0,21.769,0,1.0,1146.88525,1146.88525
2030,NONMETRO_CH,non_metro,NONMETRO_<=250KM,,CH,CAND_DE_koeln,CAND_DE_koeln__METRO_CH_basel__VIA_RELAY,VIA_RELAY,True,1,1,4.536,3.0,7.536,8.0,15.536,0,1.0,2414.0412,2414.0412
2030,NONMETRO_CY,non_metro,NONMETRO_>500KM,,CY,CAND_IT_rome,,BASELINE_FALLBACK,False,0,0,49.25652483,0.0,49.25652483,32.0,81.25652482999999,3,0.85,287.63,244.4855
2030,NONMETRO_CZ,non_metro,NONMETRO_<=250KM,,CZ,CAND_PL_lodz,CAND_PL_lodz__METRO_CZ_ostrava__DIRECT,DIRECT,True,0,1,2.772,2.0,4.772,8.0,12.772,0,1.0,2154.39825,2154.39825
2030,NONMETRO_DE,non_metro,NONMETRO_<=250KM,,DE,CAND_DE_koeln,CAND_DE_koeln__METRO_DE_solingen__DIRECT,DIRECT,True,0,1,0.34,2.0,2.34,8.0,10.34,0,1.0,34576.4364,34576.4364
2030,NONMETRO_DK,non_metro,NONMETRO_<=250KM,,DK,CAND_DE_koeln,CAND_DE_koeln__METRO_DK_arhus__VIA_RELAY,VIA_RELAY,True,1,1,7.432,3.0,10.432,8.0,18.432000000000002,0,1.0,2461.3292,2461.3292
2030,NONMETRO_EE,non_metro,NONMETRO_<=250KM,,EE,CAND_PL_lodz,CAND_PL_lodz__METRO_EE_tallinn__VIA_RELAY,VIA_RELAY,True,1,1,10.971,3.0,13.971,8.0,21.971,0,1.0,486.5432,486.5432
2030,NONMETRO_ES,non_metro,NONMETRO_<=250KM,,ES,CAND_ES_madrid,CAND_ES_madrid__METRO_ES_carabanchel__DIRECT,DIRECT,True,0,1,0.041,2.0,2.041,8.0,10.041,0,1.0,9694.44495,9694.44495
2030,NONMETRO_FI,non_metro,NONMETRO_<=500KM,,FI,CAND_PL_lodz,CAND_PL_lodz__METRO_FI_tampere__VIA_RELAY,VIA_RELAY,True,1,2,13.724,5.0,18.724,16.0,34.724000000000004,1,0.98,1736.5678,1701.836444
2030,NONMETRO_FR,non_metro,NONMETRO_<=250KM,,FR,CAND_DE_koeln,CAND_DE_koeln__METRO_FR_tours__VIA_RELAY,VIA_RELAY,True,1,1,7.206,3.0,10.206,8.0,18.206,0,1.0,18537.82965,18537.82965
2030,NONMETRO_GR,non_metro,NONMETRO_<=500KM,,GR,CAND_IT_rome,CAND_IT_rome__METRO_GR_piraeus__VIA_RELAY,VIA_RELAY,True,1,1,12.556,3.0,15.556,16.0,31.555999999999997,1,0.98,1355.6215,1328.5090699999998
2030,NONMETRO_HR,non_metro,NONMETRO_<=250KM,,HR,CAND_IT_rome,CAND_IT_rome__METRO_HR_split__VIA_RELAY,VIA_RELAY,True,1,1,4.414,3.0,7.414,8.0,15.414,0,1.0,719.80025,719.80025
2030,NONMETRO_HU,non_metro,NONMETRO_<=250KM,,HU,CAND_PL_lodz,CAND_PL_lodz__METRO_HU_miskolc__VIA_RELAY,VIA_RELAY,True,1,1,5.38,3.0,8.38,8.0,16.380000000000003,0,1.0,1784.829,1784.829
2030,NONMETRO_IE,non_metro,NONMETRO_>500KM,,IE,CAND_DE_koeln,,BASELINE_FALLBACK,False,0,0,25.593419,0.0,25.593419,32.0,57.593419,2,0.93,1659.5671499999999,1543.3974495
2030,NONMETRO_IT,non_metro,NONMETRO_<=250KM,,IT,CAND_IT_rome,CAND_IT_rome__METRO_IT_latina__DIRECT,DIRECT,True,0,1,0.69,2.0,2.69,8.0,10.69,0,1.0,15262.859699999999,15262.859699999999
2030,NONMETRO_LT,non_metro,NONMETRO_<=250KM,,LT,CAND_PL_lodz,CAND_PL_lodz__METRO_LT_klaipeda__VIA_RELAY,VIA_RELAY,True,1,1,5.417,3.0,8.417,8.0,16.417,0,1.0,894.1636000000001,894.1636000000001
2030,NONMETRO_LU,non_metro,NONMETRO_<=250KM,,LU,CAND_DE_koeln,CAND_DE_koeln__METRO_LU_luxembourg__DIRECT,DIRECT,True,0,1,1.897,2.0,3.897,8.0,11.897,0,1.0,364.70219999999995,364.70219999999995
2030,NONMETRO_LV,non_metro,NONMETRO_<=250KM,,LV,CAND_PL_lodz,CAND_PL_lodz__METRO_LV_riga__VIA_RELAY,VIA_RELAY,True,1,1,8.161,3.0,11.161,8.0,19.161,0,1.0,671.82115,671.82115
2030,NONMETRO_MT,non_metro,NONMETRO_<=250KM,,MT,CAND_IT_rome,CAND_IT_rome__METRO_MT_valletta__VIA_RELAY,VIA_RELAY,True,1,1,8.641,3.0,11.641,8.0,19.641,0,1.0,139.3675,139.3675
2030,NONMETRO_NL,non_metro,NONMETRO_<=250KM,,NL,CAND_DE_koeln,CAND_DE_koeln__METRO_NL_eindhoven__DIRECT,DIRECT,True,0,1,1.405,2.0,3.405,8.0,11.405,0,1.0,8772.0216,8772.0216
2030,NONMETRO_NO,non_metro,NONMETRO_>500KM,,NO,CAND_DE_koeln,CAND_DE_koeln__METRO_NO_oslo__VIA_RELAY,VIA_RELAY,True,1,1,12.322,3.0,15.322,32.0,47.322,1,0.98,2262.0378,2216.797044
2030,NONMETRO_PL,non_metro,NONMETRO_<=250KM,,PL,CAND_PL_lodz,CAND_PL_lodz__METRO_PL_czestochowa__DIRECT,DIRECT,True,0,1,1.332,2.0,3.332,8.0,11.332,0,1.0,16086.25755,16086.25755
2030,NONMETRO_PT,non_metro,NONMETRO_<=250KM,,PT,CAND_DE_koeln,CAND_DE_koeln__METRO_PT_porto__VIA_RELAY,VIA_RELAY,True,1,4,20.766,9.0,29.766,8.0,37.766,1,0.98,2587.82265,2536.066197
2030,NONMETRO_RO,non_metro,NONMETRO_<=250KM,,RO,CAND_PL_lodz,CAND_PL_lodz__METRO_RO_cluj_napoca__VIA_RELAY,VIA_RELAY,True,1,1,7.588,3.0,10.588,8.0,18.588,0,1.0,3380.5595,3380.5595
2030,NONMETRO_SE,non_metro,NONMETRO_<=500KM,,SE,CAND_PL_lodz,CAND_PL_lodz__METRO_SE_stockholm__VIA_RELAY,VIA_RELAY,True,1,1,10.317,3.0,13.317,16.0,29.317,1,0.98,4239.5562,4154.765076
2030,NONMETRO_SI,non_metro,NONMETRO_<=250KM,,SI,CAND_IT_rome,CAND_IT_rome__METRO_SI_ljubljana__VIA_RELAY,VIA_RELAY,True,1,1,6.023,3.0,9.023,8.0,17.023,0,1.0,452.71625,452.71625
2030,NONMETRO_SK,non_metro,NONMETRO_<=250KM,,SK,CAND_PL_lodz,CAND_PL_lodz__METRO_SK_kosice__VIA_RELAY,VIA_RELAY,True,1,1,4.664,3.0,7.664,8.0,15.664,0,1.0,1165.4975,1165.4975
